CURRENCY,CODE,IS_RATE,BS_RATE,DATE,SOURCE,CREATED_BY,INGESTION_TS
United Arab Emirates Dirham,AED,0.371363,0.371363,28-Feb-26,IFS Web @ 2026-03-23,ADB,2026-03-23T13:39:53.13205Z
Netherlands Antilles Guilder,ANG,0.761927,0.761927,28-Feb-26,IFS Web @ 2026-03-23,ADB,2026-03-23T13:39:53.13205Z
Argentine Peso,ARS,0.000963,0.000963,28-Feb-26,IFS Web @ 2026-03-23,ADB,2026-03-23T13:39:53.13205Z
Australian Dollar,AUD,0.971948,0.971948,28-Feb-26,IFS Web @ 2026-03-23,ADB,2026-03-23T13:39:53.13205Z
Barbados Dollar,BBD,0.681925,0.681925,28-Feb-26,IFS Web @ 2026-03-23,ADB,2026-03-23T13:39:53.13205Z
Bermuda Dollar,BMD,1.363851,1.363851,28-Feb-26,IFS Web @ 2026-03-23,ADB,2026-03-23T13:39:53.13205Z
Brunei Dollar,BND,1.078271,1.078271,28-Feb-26,IFS Web @ 2026-03-23,ADB,2026-03-23T13:39:53.13205Z
Brazilian Real,BRL,0.265943,0.265943,28-Feb-26,IFS Web @ 2026-03-23,ADB,2026-03-23T13:39:53.13205Z
Bahamian Dollar,BSD,1.363851,1.363851,28-Feb-26,IFS Web @ 2026-03-23,ADB,2026-03-23T13:39:53.13205Z
Belize Dollar,BZD,0.681925,0.681925,28-Feb-26,IFS Web @ 2026-03-23,ADB,2026-03-23T13:39:53.13205Z
Swiss Franc,CHF,1.773421,1.773421,28-Feb-26,IFS Web @ 2026-03-23,ADB,2026-03-23T13:39:53.13205Z
Chilean Peso,CLP,0.00156,0.00156,28-Feb-26,IFS Web @ 2026-03-23,ADB,2026-03-23T13:39:53.13205Z
Chinese Renminbi (Offshore),CNH,0.198786,0.198786,28-Feb-26,IFS Web @ 2026-03-23,ADB,2026-03-23T13:39:53.13205Z
Chinese Yuan Renminbi,CNY,0.198937,0.198937,28-Feb-26,IFS Web @ 2026-03-23,ADB,2026-03-23T13:39:53.13205Z
Columbian Peso,COP,0.000363,0.000363,28-Feb-26,IFS Web @ 2026-03-23,ADB,2026-03-23T13:39:53.13205Z
Cuban Peso,CUP,0.056827,0.056827,28-Feb-26,IFS Web @ 2026-03-23,ADB,2026-03-23T13:39:53.13205Z
Czech Koruna,CZK,0.066473,0.066473,28-Feb-26,IFS Web @ 2026-03-23,ADB,2026-03-23T13:39:53.13205Z
Danish Krone,DKK,0.215526,0.215526,28-Feb-26,IFS Web @ 2026-03-23,ADB,2026-03-23T13:39:53.13205Z
Dominican Republic Peso,DOP,0.022599,0.022599,28-Feb-26,IFS Web @ 2026-03-23,ADB,2026-03-23T13:39:53.13205Z
Egyptian Pound,EGP,0.028443,0.028443,28-Feb-26,IFS Web @ 2026-03-23,ADB,2026-03-23T13:39:53.13205Z
European Monetary Unit,EUR,1.610298,1.610298,28-Feb-26,IFS Web @ 2026-03-23,ADB,2026-03-23T13:39:53.13205Z
Pound Sterling,GBP,1.833628,1.833628,28-Feb-26,IFS Web @ 2026-03-23,ADB,2026-03-23T13:39:53.13205Z
Guyana Dollar,GYD,0.006514,0.006514,28-Feb-26,IFS Web @ 2026-03-23,ADB,2026-03-23T13:39:53.13205Z
Hong Kong Dollar,HKD,0.174357,0.174357,28-Feb-26,IFS Web @ 2026-03-23,ADB,2026-03-23T13:39:53.13205Z
Haitian Gourde,HTG,0.010429,0.010429,28-Feb-26,IFS Web @ 2026-03-23,ADB,2026-03-23T13:39:53.13205Z
Hungarian Forint,HUF,0.004273,0.004273,28-Feb-26,IFS Web @ 2026-03-23,ADB,2026-03-23T13:39:53.13205Z
Indonesian Rupiah,IDR,0.000081,0.000081,28-Feb-26,IFS Web @ 2026-03-23,ADB,2026-03-23T13:39:53.13205Z
Israeli Shekel,ILS,0.434991,0.434991,28-Feb-26,IFS Web @ 2026-03-23,ADB,2026-03-23T13:39:53.13205Z
Indian Rupees,INR,0.014991,0.014991,28-Feb-26,IFS Web @ 2026-03-23,ADB,2026-03-23T13:39:53.13205Z
Jamaican Dollar,JMD,0.008719,0.008719,28-Feb-26,IFS Web @ 2026-03-23,ADB,2026-03-23T13:39:53.13205Z
Jordan Dinar,JOD,1.923624,1.923624,28-Feb-26,IFS Web @ 2026-03-23,ADB,2026-03-23T13:39:53.13205Z
Japanese Yen,JPY,0.008736,0.008736,28-Feb-26,IFS Web @ 2026-03-23,ADB,2026-03-23T13:39:53.13205Z
Kenya Shilling,KES,0.010572,0.010572,28-Feb-26,IFS Web @ 2026-03-23,ADB,2026-03-23T13:39:53.13205Z
Cambodia Riel,KHR,0.00034,0.00034,28-Feb-26,IFS Web @ 2026-03-23,ADB,2026-03-23T13:39:53.13205Z
South Korean Won,KRW,0.000948,0.000948,28-Feb-26,IFS Web @ 2026-03-23,ADB,2026-03-23T13:39:53.13205Z
Kuwait Dinar,KWD,4.445413,4.445413,28-Feb-26,IFS Web @ 2026-03-23,ADB,2026-03-23T13:39:53.13205Z
Cayman Island Dollar,KYD,1.663232,1.663232,28-Feb-26,IFS Web @ 2026-03-23,ADB,2026-03-23T13:39:53.13205Z
Sri Lanka Rupee,LKR,0.00441,0.00441,28-Feb-26,IFS Web @ 2026-03-23,ADB,2026-03-23T13:39:53.13205Z
Myanmar Kyat,MMK,0.000649,0.000649,28-Feb-26,IFS Web @ 2026-03-23,ADB,2026-03-23T13:39:53.13205Z
Macau Pataca,MOP,0.169278,0.169278,28-Feb-26,IFS Web @ 2026-03-23,ADB,2026-03-23T13:39:53.13205Z
Mexican Peso,MXN,0.079266,0.079266,28-Feb-26,IFS Web @ 2026-03-23,ADB,2026-03-23T13:39:53.13205Z
Malaysian Ringgit,MYR,0.350514,0.350514,28-Feb-26,IFS Web @ 2026-03-23,ADB,2026-03-23T13:39:53.13205Z
Norwegian Krone,NOK,0.143361,0.143361,28-Feb-26,IFS Web @ 2026-03-23,ADB,2026-03-23T13:39:53.13205Z
New Zealand Dollar,NZD,0.818378,0.818378,28-Feb-26,IFS Web @ 2026-03-23,ADB,2026-03-23T13:39:53.13205Z
Panamanian Balboa,PAB,1.363851,1.363851,28-Feb-26,IFS Web @ 2026-03-23,ADB,2026-03-23T13:39:53.13205Z
Philippine Peso,PHP,0.023651,0.023651,28-Feb-26,IFS Web @ 2026-03-23,ADB,2026-03-23T13:39:53.13205Z
Polish Zloty,PLN,0.381747,0.381747,28-Feb-26,IFS Web @ 2026-03-23,ADB,2026-03-23T13:39:53.13205Z
Romanian Leu,RON,0.3159,0.3159,28-Feb-26,IFS Web @ 2026-03-23,ADB,2026-03-23T13:39:53.13205Z
Swedish Krona,SEK,0.151159,0.151159,28-Feb-26,IFS Web @ 2026-03-23,ADB,2026-03-23T13:39:53.13205Z
Singapore Dollar,SGD,1.078271,1.078271,28-Feb-26,IFS Web @ 2026-03-23,ADB,2026-03-23T13:39:53.13205Z
Suriname Dollar,SRD,0.036155,0.036155,28-Feb-26,IFS Web @ 2026-03-23,ADB,2026-03-23T13:39:53.13205Z
Thai Baht,THB,0.043875,0.043875,28-Feb-26,IFS Web @ 2026-03-23,ADB,2026-03-23T13:39:53.13205Z
Trinidad and Tobago Dollar,TTD,0.202768,0.202768,28-Feb-26,IFS Web @ 2026-03-23,ADB,2026-03-23T13:39:53.13205Z
New Taiwan Dollar,TWD,0.043698,0.043698,28-Feb-26,IFS Web @ 2026-03-23,ADB,2026-03-23T13:39:53.13205Z
Tanzanian Shilling,TZS,0.000534,0.000534,28-Feb-26,IFS Web @ 2026-03-23,ADB,2026-03-23T13:39:53.13205Z
Uganda Shilling,UGX,0.000378,0.000378,28-Feb-26,IFS Web @ 2026-03-23,ADB,2026-03-23T13:39:53.13205Z
U.S.Dollar,USD,1.363851,1.363851,28-Feb-26,IFS Web @ 2026-03-23,ADB,2026-03-23T13:39:53.13205Z
Uruguayan Peso,UYU,0.035466,0.035466,28-Feb-26,IFS Web @ 2026-03-23,ADB,2026-03-23T13:39:53.13205Z
Vietnamese Dong,VND,0.000052,0.000052,28-Feb-26,IFS Web @ 2026-03-23,ADB,2026-03-23T13:39:53.13205Z
East Caribbean Dollar,XCD,0.50513,0.50513,28-Feb-26,IFS Web @ 2026-03-23,ADB,2026-03-23T13:39:53.13205Z
South African Rand,ZAR,0.085682,0.085682,28-Feb-26,IFS Web @ 2026-03-23,ADB,2026-03-23T13:39:53.13205Z
Zambian Kwacha,ZMW,0.072432,0.072432,28-Feb-26,IFS Web @ 2026-03-23,ADB,2026-03-23T13:39:53.13205Z
Zimbabwe Gold,ZWG,0.052917,0.052917,28-Feb-26,IFS Web @ 2026-03-23,ADB,2026-03-23T13:39:53.13205Z
United Arab Emirates Dirham,AED,0.371363,0.371363,28-Feb-26,IFS Web @ 2026-03-23,ADB,2026-03-23T13:44:05.134534Z
Netherlands Antilles Guilder,ANG,0.761927,0.761927,28-Feb-26,IFS Web @ 2026-03-23,ADB,2026-03-23T13:44:05.134534Z
Argentine Peso,ARS,0.000963,0.000963,28-Feb-26,IFS Web @ 2026-03-23,ADB,2026-03-23T13:44:05.134534Z
Australian Dollar,AUD,0.971948,0.971948,28-Feb-26,IFS Web @ 2026-03-23,ADB,2026-03-23T13:44:05.134534Z
Barbados Dollar,BBD,0.681925,0.681925,28-Feb-26,IFS Web @ 2026-03-23,ADB,2026-03-23T13:44:05.134534Z
Bermuda Dollar,BMD,1.363851,1.363851,28-Feb-26,IFS Web @ 2026-03-23,ADB,2026-03-23T13:44:05.134534Z
Brunei Dollar,BND,1.078271,1.078271,28-Feb-26,IFS Web @ 2026-03-23,ADB,2026-03-23T13:44:05.134534Z
Brazilian Real,BRL,0.265943,0.265943,28-Feb-26,IFS Web @ 2026-03-23,ADB,2026-03-23T13:44:05.134534Z
Bahamian Dollar,BSD,1.363851,1.363851,28-Feb-26,IFS Web @ 2026-03-23,ADB,2026-03-23T13:44:05.134534Z
Belize Dollar,BZD,0.681925,0.681925,28-Feb-26,IFS Web @ 2026-03-23,ADB,2026-03-23T13:44:05.134534Z
Swiss Franc,CHF,1.773421,1.773421,28-Feb-26,IFS Web @ 2026-03-23,ADB,2026-03-23T13:44:05.134534Z
Chilean Peso,CLP,0.00156,0.00156,28-Feb-26,IFS Web @ 2026-03-23,ADB,2026-03-23T13:44:05.134534Z
Chinese Renminbi (Offshore),CNH,0.198786,0.198786,28-Feb-26,IFS Web @ 2026-03-23,ADB,2026-03-23T13:44:05.134534Z
Chinese Yuan Renminbi,CNY,0.198937,0.198937,28-Feb-26,IFS Web @ 2026-03-23,ADB,2026-03-23T13:44:05.134534Z
Columbian Peso,COP,0.000363,0.000363,28-Feb-26,IFS Web @ 2026-03-23,ADB,2026-03-23T13:44:05.134534Z
Cuban Peso,CUP,0.056827,0.056827,28-Feb-26,IFS Web @ 2026-03-23,ADB,2026-03-23T13:44:05.134534Z
Czech Koruna,CZK,0.066473,0.066473,28-Feb-26,IFS Web @ 2026-03-23,ADB,2026-03-23T13:44:05.134534Z
Danish Krone,DKK,0.215526,0.215526,28-Feb-26,IFS Web @ 2026-03-23,ADB,2026-03-23T13:44:05.134534Z
Dominican Republic Peso,DOP,0.022599,0.022599,28-Feb-26,IFS Web @ 2026-03-23,ADB,2026-03-23T13:44:05.134534Z
Egyptian Pound,EGP,0.028443,0.028443,28-Feb-26,IFS Web @ 2026-03-23,ADB,2026-03-23T13:44:05.134534Z
European Monetary Unit,EUR,1.610298,1.610298,28-Feb-26,IFS Web @ 2026-03-23,ADB,2026-03-23T13:44:05.134534Z
Pound Sterling,GBP,1.833628,1.833628,28-Feb-26,IFS Web @ 2026-03-23,ADB,2026-03-23T13:44:05.134534Z
Guyana Dollar,GYD,0.006514,0.006514,28-Feb-26,IFS Web @ 2026-03-23,ADB,2026-03-23T13:44:05.134534Z
Hong Kong Dollar,HKD,0.174357,0.174357,28-Feb-26,IFS Web @ 2026-03-23,ADB,2026-03-23T13:44:05.134534Z
Haitian Gourde,HTG,0.010429,0.010429,28-Feb-26,IFS Web @ 2026-03-23,ADB,2026-03-23T13:44:05.134534Z
Hungarian Forint,HUF,0.004273,0.004273,28-Feb-26,IFS Web @ 2026-03-23,ADB,2026-03-23T13:44:05.134534Z
Indonesian Rupiah,IDR,0.000081,0.000081,28-Feb-26,IFS Web @ 2026-03-23,ADB,2026-03-23T13:44:05.134534Z
Israeli Shekel,ILS,0.434991,0.434991,28-Feb-26,IFS Web @ 2026-03-23,ADB,2026-03-23T13:44:05.134534Z
Indian Rupees,INR,0.014991,0.014991,28-Feb-26,IFS Web @ 2026-03-23,ADB,2026-03-23T13:44:05.134534Z
Jamaican Dollar,JMD,0.008719,0.008719,28-Feb-26,IFS Web @ 2026-03-23,ADB,2026-03-23T13:44:05.134534Z
Jordan Dinar,JOD,1.923624,1.923624,28-Feb-26,IFS Web @ 2026-03-23,ADB,2026-03-23T13:44:05.134534Z
Japanese Yen,JPY,0.008736,0.008736,28-Feb-26,IFS Web @ 2026-03-23,ADB,2026-03-23T13:44:05.134534Z
Kenya Shilling,KES,0.010572,0.010572,28-Feb-26,IFS Web @ 2026-03-23,ADB,2026-03-23T13:44:05.134534Z
Cambodia Riel,KHR,0.00034,0.00034,28-Feb-26,IFS Web @ 2026-03-23,ADB,2026-03-23T13:44:05.134534Z
South Korean Won,KRW,0.000948,0.000948,28-Feb-26,IFS Web @ 2026-03-23,ADB,2026-03-23T13:44:05.134534Z
Kuwait Dinar,KWD,4.445413,4.445413,28-Feb-26,IFS Web @ 2026-03-23,ADB,2026-03-23T13:44:05.134534Z
Cayman Island Dollar,KYD,1.663232,1.663232,28-Feb-26,IFS Web @ 2026-03-23,ADB,2026-03-23T13:44:05.134534Z
Sri Lanka Rupee,LKR,0.00441,0.00441,28-Feb-26,IFS Web @ 2026-03-23,ADB,2026-03-23T13:44:05.134534Z
Myanmar Kyat,MMK,0.000649,0.000649,28-Feb-26,IFS Web @ 2026-03-23,ADB,2026-03-23T13:44:05.134534Z
Macau Pataca,MOP,0.169278,0.169278,28-Feb-26,IFS Web @ 2026-03-23,ADB,2026-03-23T13:44:05.134534Z
Mexican Peso,MXN,0.079266,0.079266,28-Feb-26,IFS Web @ 2026-03-23,ADB,2026-03-23T13:44:05.134534Z
Malaysian Ringgit,MYR,0.350514,0.350514,28-Feb-26,IFS Web @ 2026-03-23,ADB,2026-03-23T13:44:05.134534Z
Norwegian Krone,NOK,0.143361,0.143361,28-Feb-26,IFS Web @ 2026-03-23,ADB,2026-03-23T13:44:05.134534Z
New Zealand Dollar,NZD,0.818378,0.818378,28-Feb-26,IFS Web @ 2026-03-23,ADB,2026-03-23T13:44:05.134534Z
Panamanian Balboa,PAB,1.363851,1.363851,28-Feb-26,IFS Web @ 2026-03-23,ADB,2026-03-23T13:44:05.134534Z
Philippine Peso,PHP,0.023651,0.023651,28-Feb-26,IFS Web @ 2026-03-23,ADB,2026-03-23T13:44:05.134534Z
Polish Zloty,PLN,0.381747,0.381747,28-Feb-26,IFS Web @ 2026-03-23,ADB,2026-03-23T13:44:05.134534Z
Romanian Leu,RON,0.3159,0.3159,28-Feb-26,IFS Web @ 2026-03-23,ADB,2026-03-23T13:44:05.134534Z
Swedish Krona,SEK,0.151159,0.151159,28-Feb-26,IFS Web @ 2026-03-23,ADB,2026-03-23T13:44:05.134534Z
Singapore Dollar,SGD,1.078271,1.078271,28-Feb-26,IFS Web @ 2026-03-23,ADB,2026-03-23T13:44:05.134534Z
Suriname Dollar,SRD,0.036155,0.036155,28-Feb-26,IFS Web @ 2026-03-23,ADB,2026-03-23T13:44:05.134534Z
Thai Baht,THB,0.043875,0.043875,28-Feb-26,IFS Web @ 2026-03-23,ADB,2026-03-23T13:44:05.134534Z
Trinidad and Tobago Dollar,TTD,0.202768,0.202768,28-Feb-26,IFS Web @ 2026-03-23,ADB,2026-03-23T13:44:05.134534Z
New Taiwan Dollar,TWD,0.043698,0.043698,28-Feb-26,IFS Web @ 2026-03-23,ADB,2026-03-23T13:44:05.134534Z
Tanzanian Shilling,TZS,0.000534,0.000534,28-Feb-26,IFS Web @ 2026-03-23,ADB,2026-03-23T13:44:05.134534Z
Uganda Shilling,UGX,0.000378,0.000378,28-Feb-26,IFS Web @ 2026-03-23,ADB,2026-03-23T13:44:05.134534Z
U.S.Dollar,USD,1.363851,1.363851,28-Feb-26,IFS Web @ 2026-03-23,ADB,2026-03-23T13:44:05.134534Z
Uruguayan Peso,UYU,0.035466,0.035466,28-Feb-26,IFS Web @ 2026-03-23,ADB,2026-03-23T13:44:05.134534Z
Vietnamese Dong,VND,0.000052,0.000052,28-Feb-26,IFS Web @ 2026-03-23,ADB,2026-03-23T13:44:05.134534Z
East Caribbean Dollar,XCD,0.50513,0.50513,28-Feb-26,IFS Web @ 2026-03-23,ADB,2026-03-23T13:44:05.134534Z
South African Rand,ZAR,0.085682,0.085682,28-Feb-26,IFS Web @ 2026-03-23,ADB,2026-03-23T13:44:05.134534Z
Zambian Kwacha,ZMW,0.072432,0.072432,28-Feb-26,IFS Web @ 2026-03-23,ADB,2026-03-23T13:44:05.134534Z
Zimbabwe Gold,ZWG,0.052917,0.052917,28-Feb-26,IFS Web @ 2026-03-23,ADB,2026-03-23T13:44:05.134534Z
United Arab Emirates Dirham,AED,0.371363,0.371363,28-Feb-26,IFS Web @ 2026-03-23,ADB,2026-03-23T13:40:32.80435Z
Netherlands Antilles Guilder,ANG,0.761927,0.761927,28-Feb-26,IFS Web @ 2026-03-23,ADB,2026-03-23T13:40:32.80435Z
Argentine Peso,ARS,0.000963,0.000963,28-Feb-26,IFS Web @ 2026-03-23,ADB,2026-03-23T13:40:32.80435Z
Australian Dollar,AUD,0.971948,0.971948,28-Feb-26,IFS Web @ 2026-03-23,ADB,2026-03-23T13:40:32.80435Z
Barbados Dollar,BBD,0.681925,0.681925,28-Feb-26,IFS Web @ 2026-03-23,ADB,2026-03-23T13:40:32.80435Z
Bermuda Dollar,BMD,1.363851,1.363851,28-Feb-26,IFS Web @ 2026-03-23,ADB,2026-03-23T13:40:32.80435Z
Brunei Dollar,BND,1.078271,1.078271,28-Feb-26,IFS Web @ 2026-03-23,ADB,2026-03-23T13:40:32.80435Z
Brazilian Real,BRL,0.265943,0.265943,28-Feb-26,IFS Web @ 2026-03-23,ADB,2026-03-23T13:40:32.80435Z
Bahamian Dollar,BSD,1.363851,1.363851,28-Feb-26,IFS Web @ 2026-03-23,ADB,2026-03-23T13:40:32.80435Z
Belize Dollar,BZD,0.681925,0.681925,28-Feb-26,IFS Web @ 2026-03-23,ADB,2026-03-23T13:40:32.80435Z
Swiss Franc,CHF,1.773421,1.773421,28-Feb-26,IFS Web @ 2026-03-23,ADB,2026-03-23T13:40:32.80435Z
Chilean Peso,CLP,0.00156,0.00156,28-Feb-26,IFS Web @ 2026-03-23,ADB,2026-03-23T13:40:32.80435Z
Chinese Renminbi (Offshore),CNH,0.198786,0.198786,28-Feb-26,IFS Web @ 2026-03-23,ADB,2026-03-23T13:40:32.80435Z
Chinese Yuan Renminbi,CNY,0.198937,0.198937,28-Feb-26,IFS Web @ 2026-03-23,ADB,2026-03-23T13:40:32.80435Z
Columbian Peso,COP,0.000363,0.000363,28-Feb-26,IFS Web @ 2026-03-23,ADB,2026-03-23T13:40:32.80435Z
Cuban Peso,CUP,0.056827,0.056827,28-Feb-26,IFS Web @ 2026-03-23,ADB,2026-03-23T13:40:32.80435Z
Czech Koruna,CZK,0.066473,0.066473,28-Feb-26,IFS Web @ 2026-03-23,ADB,2026-03-23T13:40:32.80435Z
Danish Krone,DKK,0.215526,0.215526,28-Feb-26,IFS Web @ 2026-03-23,ADB,2026-03-23T13:40:32.80435Z
Dominican Republic Peso,DOP,0.022599,0.022599,28-Feb-26,IFS Web @ 2026-03-23,ADB,2026-03-23T13:40:32.80435Z
Egyptian Pound,EGP,0.028443,0.028443,28-Feb-26,IFS Web @ 2026-03-23,ADB,2026-03-23T13:40:32.80435Z
European Monetary Unit,EUR,1.610298,1.610298,28-Feb-26,IFS Web @ 2026-03-23,ADB,2026-03-23T13:40:32.80435Z
Pound Sterling,GBP,1.833628,1.833628,28-Feb-26,IFS Web @ 2026-03-23,ADB,2026-03-23T13:40:32.80435Z
Guyana Dollar,GYD,0.006514,0.006514,28-Feb-26,IFS Web @ 2026-03-23,ADB,2026-03-23T13:40:32.80435Z
Hong Kong Dollar,HKD,0.174357,0.174357,28-Feb-26,IFS Web @ 2026-03-23,ADB,2026-03-23T13:40:32.80435Z
Haitian Gourde,HTG,0.010429,0.010429,28-Feb-26,IFS Web @ 2026-03-23,ADB,2026-03-23T13:40:32.80435Z
Hungarian Forint,HUF,0.004273,0.004273,28-Feb-26,IFS Web @ 2026-03-23,ADB,2026-03-23T13:40:32.80435Z
Indonesian Rupiah,IDR,0.000081,0.000081,28-Feb-26,IFS Web @ 2026-03-23,ADB,2026-03-23T13:40:32.80435Z
Israeli Shekel,ILS,0.434991,0.434991,28-Feb-26,IFS Web @ 2026-03-23,ADB,2026-03-23T13:40:32.80435Z
Indian Rupees,INR,0.014991,0.014991,28-Feb-26,IFS Web @ 2026-03-23,ADB,2026-03-23T13:40:32.80435Z
Jamaican Dollar,JMD,0.008719,0.008719,28-Feb-26,IFS Web @ 2026-03-23,ADB,2026-03-23T13:40:32.80435Z
Jordan Dinar,JOD,1.923624,1.923624,28-Feb-26,IFS Web @ 2026-03-23,ADB,2026-03-23T13:40:32.80435Z
Japanese Yen,JPY,0.008736,0.008736,28-Feb-26,IFS Web @ 2026-03-23,ADB,2026-03-23T13:40:32.80435Z
Kenya Shilling,KES,0.010572,0.010572,28-Feb-26,IFS Web @ 2026-03-23,ADB,2026-03-23T13:40:32.80435Z
Cambodia Riel,KHR,0.00034,0.00034,28-Feb-26,IFS Web @ 2026-03-23,ADB,2026-03-23T13:40:32.80435Z
South Korean Won,KRW,0.000948,0.000948,28-Feb-26,IFS Web @ 2026-03-23,ADB,2026-03-23T13:40:32.80435Z
Kuwait Dinar,KWD,4.445413,4.445413,28-Feb-26,IFS Web @ 2026-03-23,ADB,2026-03-23T13:40:32.80435Z
Cayman Island Dollar,KYD,1.663232,1.663232,28-Feb-26,IFS Web @ 2026-03-23,ADB,2026-03-23T13:40:32.80435Z
Sri Lanka Rupee,LKR,0.00441,0.00441,28-Feb-26,IFS Web @ 2026-03-23,ADB,2026-03-23T13:40:32.80435Z
Myanmar Kyat,MMK,0.000649,0.000649,28-Feb-26,IFS Web @ 2026-03-23,ADB,2026-03-23T13:40:32.80435Z
Macau Pataca,MOP,0.169278,0.169278,28-Feb-26,IFS Web @ 2026-03-23,ADB,2026-03-23T13:40:32.80435Z
Mexican Peso,MXN,0.079266,0.079266,28-Feb-26,IFS Web @ 2026-03-23,ADB,2026-03-23T13:40:32.80435Z
Malaysian Ringgit,MYR,0.350514,0.350514,28-Feb-26,IFS Web @ 2026-03-23,ADB,2026-03-23T13:40:32.80435Z
Norwegian Krone,NOK,0.143361,0.143361,28-Feb-26,IFS Web @ 2026-03-23,ADB,2026-03-23T13:40:32.80435Z
New Zealand Dollar,NZD,0.818378,0.818378,28-Feb-26,IFS Web @ 2026-03-23,ADB,2026-03-23T13:40:32.80435Z
Panamanian Balboa,PAB,1.363851,1.363851,28-Feb-26,IFS Web @ 2026-03-23,ADB,2026-03-23T13:40:32.80435Z
Philippine Peso,PHP,0.023651,0.023651,28-Feb-26,IFS Web @ 2026-03-23,ADB,2026-03-23T13:40:32.80435Z
Polish Zloty,PLN,0.381747,0.381747,28-Feb-26,IFS Web @ 2026-03-23,ADB,2026-03-23T13:40:32.80435Z
Romanian Leu,RON,0.3159,0.3159,28-Feb-26,IFS Web @ 2026-03-23,ADB,2026-03-23T13:40:32.80435Z
Swedish Krona,SEK,0.151159,0.151159,28-Feb-26,IFS Web @ 2026-03-23,ADB,2026-03-23T13:40:32.80435Z
Singapore Dollar,SGD,1.078271,1.078271,28-Feb-26,IFS Web @ 2026-03-23,ADB,2026-03-23T13:40:32.80435Z
Suriname Dollar,SRD,0.036155,0.036155,28-Feb-26,IFS Web @ 2026-03-23,ADB,2026-03-23T13:40:32.80435Z
Thai Baht,THB,0.043875,0.043875,28-Feb-26,IFS Web @ 2026-03-23,ADB,2026-03-23T13:40:32.80435Z
Trinidad and Tobago Dollar,TTD,0.202768,0.202768,28-Feb-26,IFS Web @ 2026-03-23,ADB,2026-03-23T13:40:32.80435Z
New Taiwan Dollar,TWD,0.043698,0.043698,28-Feb-26,IFS Web @ 2026-03-23,ADB,2026-03-23T13:40:32.80435Z
Tanzanian Shilling,TZS,0.000534,0.000534,28-Feb-26,IFS Web @ 2026-03-23,ADB,2026-03-23T13:40:32.80435Z
Uganda Shilling,UGX,0.000378,0.000378,28-Feb-26,IFS Web @ 2026-03-23,ADB,2026-03-23T13:40:32.80435Z
U.S.Dollar,USD,1.363851,1.363851,28-Feb-26,IFS Web @ 2026-03-23,ADB,2026-03-23T13:40:32.80435Z
Uruguayan Peso,UYU,0.035466,0.035466,28-Feb-26,IFS Web @ 2026-03-23,ADB,2026-03-23T13:40:32.80435Z
Vietnamese Dong,VND,0.000052,0.000052,28-Feb-26,IFS Web @ 2026-03-23,ADB,2026-03-23T13:40:32.80435Z
East Caribbean Dollar,XCD,0.50513,0.50513,28-Feb-26,IFS Web @ 2026-03-23,ADB,2026-03-23T13:40:32.80435Z
South African Rand,ZAR,0.085682,0.085682,28-Feb-26,IFS Web @ 2026-03-23,ADB,2026-03-23T13:40:32.80435Z
Zambian Kwacha,ZMW,0.072432,0.072432,28-Feb-26,IFS Web @ 2026-03-23,ADB,2026-03-23T13:40:32.80435Z
Zimbabwe Gold,ZWG,0.052917,0.052917,28-Feb-26,IFS Web @ 2026-03-23,ADB,2026-03-23T13:40:32.80435Z
United Arab Emirates Dirham,AED,0.371363,0.371363,28-Feb-26,IFS Web @ 2026-03-23,ADB,2026-03-23T13:45:46.652355Z
Netherlands Antilles Guilder,ANG,0.761927,0.761927,28-Feb-26,IFS Web @ 2026-03-23,ADB,2026-03-23T13:45:46.652355Z
Argentine Peso,ARS,0.000963,0.000963,28-Feb-26,IFS Web @ 2026-03-23,ADB,2026-03-23T13:45:46.652355Z
Australian Dollar,AUD,0.971948,0.971948,28-Feb-26,IFS Web @ 2026-03-23,ADB,2026-03-23T13:45:46.652355Z
Barbados Dollar,BBD,0.681925,0.681925,28-Feb-26,IFS Web @ 2026-03-23,ADB,2026-03-23T13:45:46.652355Z
Bermuda Dollar,BMD,1.363851,1.363851,28-Feb-26,IFS Web @ 2026-03-23,ADB,2026-03-23T13:45:46.652355Z
Brunei Dollar,BND,1.078271,1.078271,28-Feb-26,IFS Web @ 2026-03-23,ADB,2026-03-23T13:45:46.652355Z
Brazilian Real,BRL,0.265943,0.265943,28-Feb-26,IFS Web @ 2026-03-23,ADB,2026-03-23T13:45:46.652355Z
Bahamian Dollar,BSD,1.363851,1.363851,28-Feb-26,IFS Web @ 2026-03-23,ADB,2026-03-23T13:45:46.652355Z
Belize Dollar,BZD,0.681925,0.681925,28-Feb-26,IFS Web @ 2026-03-23,ADB,2026-03-23T13:45:46.652355Z
Swiss Franc,CHF,1.773421,1.773421,28-Feb-26,IFS Web @ 2026-03-23,ADB,2026-03-23T13:45:46.652355Z
Chilean Peso,CLP,0.00156,0.00156,28-Feb-26,IFS Web @ 2026-03-23,ADB,2026-03-23T13:45:46.652355Z
Chinese Renminbi (Offshore),CNH,0.198786,0.198786,28-Feb-26,IFS Web @ 2026-03-23,ADB,2026-03-23T13:45:46.652355Z
Chinese Yuan Renminbi,CNY,0.198937,0.198937,28-Feb-26,IFS Web @ 2026-03-23,ADB,2026-03-23T13:45:46.652355Z
Columbian Peso,COP,0.000363,0.000363,28-Feb-26,IFS Web @ 2026-03-23,ADB,2026-03-23T13:45:46.652355Z
Cuban Peso,CUP,0.056827,0.056827,28-Feb-26,IFS Web @ 2026-03-23,ADB,2026-03-23T13:45:46.652355Z
Czech Koruna,CZK,0.066473,0.066473,28-Feb-26,IFS Web @ 2026-03-23,ADB,2026-03-23T13:45:46.652355Z
Danish Krone,DKK,0.215526,0.215526,28-Feb-26,IFS Web @ 2026-03-23,ADB,2026-03-23T13:45:46.652355Z
Dominican Republic Peso,DOP,0.022599,0.022599,28-Feb-26,IFS Web @ 2026-03-23,ADB,2026-03-23T13:45:46.652355Z
Egyptian Pound,EGP,0.028443,0.028443,28-Feb-26,IFS Web @ 2026-03-23,ADB,2026-03-23T13:45:46.652355Z
European Monetary Unit,EUR,1.610298,1.610298,28-Feb-26,IFS Web @ 2026-03-23,ADB,2026-03-23T13:45:46.652355Z
Pound Sterling,GBP,1.833628,1.833628,28-Feb-26,IFS Web @ 2026-03-23,ADB,2026-03-23T13:45:46.652355Z
Guyana Dollar,GYD,0.006514,0.006514,28-Feb-26,IFS Web @ 2026-03-23,ADB,2026-03-23T13:45:46.652355Z
Hong Kong Dollar,HKD,0.174357,0.174357,28-Feb-26,IFS Web @ 2026-03-23,ADB,2026-03-23T13:45:46.652355Z
Haitian Gourde,HTG,0.010429,0.010429,28-Feb-26,IFS Web @ 2026-03-23,ADB,2026-03-23T13:45:46.652355Z
Hungarian Forint,HUF,0.004273,0.004273,28-Feb-26,IFS Web @ 2026-03-23,ADB,2026-03-23T13:45:46.652355Z
Indonesian Rupiah,IDR,0.000081,0.000081,28-Feb-26,IFS Web @ 2026-03-23,ADB,2026-03-23T13:45:46.652355Z
Israeli Shekel,ILS,0.434991,0.434991,28-Feb-26,IFS Web @ 2026-03-23,ADB,2026-03-23T13:45:46.652355Z
Indian Rupees,INR,0.014991,0.014991,28-Feb-26,IFS Web @ 2026-03-23,ADB,2026-03-23T13:45:46.652355Z
Jamaican Dollar,JMD,0.008719,0.008719,28-Feb-26,IFS Web @ 2026-03-23,ADB,2026-03-23T13:45:46.652355Z
Jordan Dinar,JOD,1.923624,1.923624,28-Feb-26,IFS Web @ 2026-03-23,ADB,2026-03-23T13:45:46.652355Z
Japanese Yen,JPY,0.008736,0.008736,28-Feb-26,IFS Web @ 2026-03-23,ADB,2026-03-23T13:45:46.652355Z
Kenya Shilling,KES,0.010572,0.010572,28-Feb-26,IFS Web @ 2026-03-23,ADB,2026-03-23T13:45:46.652355Z
Cambodia Riel,KHR,0.00034,0.00034,28-Feb-26,IFS Web @ 2026-03-23,ADB,2026-03-23T13:45:46.652355Z
South Korean Won,KRW,0.000948,0.000948,28-Feb-26,IFS Web @ 2026-03-23,ADB,2026-03-23T13:45:46.652355Z
Kuwait Dinar,KWD,4.445413,4.445413,28-Feb-26,IFS Web @ 2026-03-23,ADB,2026-03-23T13:45:46.652355Z
Cayman Island Dollar,KYD,1.663232,1.663232,28-Feb-26,IFS Web @ 2026-03-23,ADB,2026-03-23T13:45:46.652355Z
Sri Lanka Rupee,LKR,0.00441,0.00441,28-Feb-26,IFS Web @ 2026-03-23,ADB,2026-03-23T13:45:46.652355Z
Myanmar Kyat,MMK,0.000649,0.000649,28-Feb-26,IFS Web @ 2026-03-23,ADB,2026-03-23T13:45:46.652355Z
Macau Pataca,MOP,0.169278,0.169278,28-Feb-26,IFS Web @ 2026-03-23,ADB,2026-03-23T13:45:46.652355Z
Mexican Peso,MXN,0.079266,0.079266,28-Feb-26,IFS Web @ 2026-03-23,ADB,2026-03-23T13:45:46.652355Z
Malaysian Ringgit,MYR,0.350514,0.350514,28-Feb-26,IFS Web @ 2026-03-23,ADB,2026-03-23T13:45:46.652355Z
Norwegian Krone,NOK,0.143361,0.143361,28-Feb-26,IFS Web @ 2026-03-23,ADB,2026-03-23T13:45:46.652355Z
New Zealand Dollar,NZD,0.818378,0.818378,28-Feb-26,IFS Web @ 2026-03-23,ADB,2026-03-23T13:45:46.652355Z
Panamanian Balboa,PAB,1.363851,1.363851,28-Feb-26,IFS Web @ 2026-03-23,ADB,2026-03-23T13:45:46.652355Z
Philippine Peso,PHP,0.023651,0.023651,28-Feb-26,IFS Web @ 2026-03-23,ADB,2026-03-23T13:45:46.652355Z
Polish Zloty,PLN,0.381747,0.381747,28-Feb-26,IFS Web @ 2026-03-23,ADB,2026-03-23T13:45:46.652355Z
Romanian Leu,RON,0.3159,0.3159,28-Feb-26,IFS Web @ 2026-03-23,ADB,2026-03-23T13:45:46.652355Z
Swedish Krona,SEK,0.151159,0.151159,28-Feb-26,IFS Web @ 2026-03-23,ADB,2026-03-23T13:45:46.652355Z
Singapore Dollar,SGD,1.078271,1.078271,28-Feb-26,IFS Web @ 2026-03-23,ADB,2026-03-23T13:45:46.652355Z
Suriname Dollar,SRD,0.036155,0.036155,28-Feb-26,IFS Web @ 2026-03-23,ADB,2026-03-23T13:45:46.652355Z
Thai Baht,THB,0.043875,0.043875,28-Feb-26,IFS Web @ 2026-03-23,ADB,2026-03-23T13:45:46.652355Z
Trinidad and Tobago Dollar,TTD,0.202768,0.202768,28-Feb-26,IFS Web @ 2026-03-23,ADB,2026-03-23T13:45:46.652355Z
New Taiwan Dollar,TWD,0.043698,0.043698,28-Feb-26,IFS Web @ 2026-03-23,ADB,2026-03-23T13:45:46.652355Z
Tanzanian Shilling,TZS,0.000534,0.000534,28-Feb-26,IFS Web @ 2026-03-23,ADB,2026-03-23T13:45:46.652355Z
Uganda Shilling,UGX,0.000378,0.000378,28-Feb-26,IFS Web @ 2026-03-23,ADB,2026-03-23T13:45:46.652355Z
U.S.Dollar,USD,1.363851,1.363851,28-Feb-26,IFS Web @ 2026-03-23,ADB,2026-03-23T13:45:46.652355Z
Uruguayan Peso,UYU,0.035466,0.035466,28-Feb-26,IFS Web @ 2026-03-23,ADB,2026-03-23T13:45:46.652355Z
Vietnamese Dong,VND,0.000052,0.000052,28-Feb-26,IFS Web @ 2026-03-23,ADB,2026-03-23T13:45:46.652355Z
East Caribbean Dollar,XCD,0.50513,0.50513,28-Feb-26,IFS Web @ 2026-03-23,ADB,2026-03-23T13:45:46.652355Z
South African Rand,ZAR,0.085682,0.085682,28-Feb-26,IFS Web @ 2026-03-23,ADB,2026-03-23T13:45:46.652355Z
Zambian Kwacha,ZMW,0.072432,0.072432,28-Feb-26,IFS Web @ 2026-03-23,ADB,2026-03-23T13:45:46.652355Z
Zimbabwe Gold,ZWG,0.052917,0.052917,28-Feb-26,IFS Web @ 2026-03-23,ADB,2026-03-23T13:45:46.652355Z
United Arab Emirates Dirham,AED,0.379514,0.373206,31-Dec-25,IFS Web @ 2026-03-04,ADB,2026-03-04T12:09:24.130547Z
Netherlands Antilles Guilder,ANG,0.778732,0.765782,31-Dec-25,IFS Web @ 2026-03-04,ADB,2026-03-04T12:09:24.130547Z
Argentine Peso,ARS,0.00097,0.000944,31-Dec-25,IFS Web @ 2026-03-04,ADB,2026-03-04T12:09:24.130547Z
Australian Dollar,AUD,0.91537,0.914084,31-Dec-25,IFS Web @ 2026-03-04,ADB,2026-03-04T12:09:24.130547Z
Barbados Dollar,BBD,0.696965,0.685375,31-Dec-25,IFS Web @ 2026-03-04,ADB,2026-03-04T12:09:24.130547Z
Bermuda Dollar,BMD,1.393934,1.370749,31-Dec-25,IFS Web @ 2026-03-04,ADB,2026-03-04T12:09:24.130547Z
Brunei Dollar,BND,1.075653,1.065901,31-Dec-25,IFS Web @ 2026-03-04,ADB,2026-03-04T12:09:24.130547Z
Brazilian Real,BRL,0.258343,0.250148,31-Dec-25,IFS Web @ 2026-03-04,ADB,2026-03-04T12:09:24.130547Z
Bahamian Dollar,BSD,1.393934,1.370749,31-Dec-25,IFS Web @ 2026-03-04,ADB,2026-03-04T12:09:24.130547Z
Belize Dollar,BZD,0.696965,0.685375,31-Dec-25,IFS Web @ 2026-03-04,ADB,2026-03-04T12:09:24.130547Z
Swiss Franc,CHF,1.744452,1.7302,31-Dec-25,IFS Web @ 2026-03-04,ADB,2026-03-04T12:09:24.130547Z
Chilean Peso,CLP,0.001493,0.00152,31-Dec-25,IFS Web @ 2026-03-04,ADB,2026-03-04T12:09:24.130547Z
Chinese Renminbi (Offshore),CNH,0.196613,0.196384,31-Dec-25,IFS Web @ 2026-03-04,ADB,2026-03-04T12:09:24.130547Z
Chinese Yuan Renminbi,CNY,0.196632,0.196153,31-Dec-25,IFS Web @ 2026-03-04,ADB,2026-03-04T12:09:24.130547Z
Columbian Peso,COP,0.000365,0.000363,31-Dec-25,IFS Web @ 2026-03-04,ADB,2026-03-04T12:09:24.130547Z
Cuban Peso,CUP,0.05808,0.057115,31-Dec-25,IFS Web @ 2026-03-04,ADB,2026-03-04T12:09:24.130547Z
Czech Koruna,CZK,0.066863,0.066601,31-Dec-25,IFS Web @ 2026-03-04,ADB,2026-03-04T12:09:24.130547Z
Danish Krone,DKK,0.217287,0.21554,31-Dec-25,IFS Web @ 2026-03-04,ADB,2026-03-04T12:09:24.130547Z
Dominican Republic Peso,DOP,0.021989,0.021737,31-Dec-25,IFS Web @ 2026-03-04,ADB,2026-03-04T12:09:24.130547Z
Egyptian Pound,EGP,0.02935,0.028737,31-Dec-25,IFS Web @ 2026-03-04,ADB,2026-03-04T12:09:24.130547Z
European Monetary Unit,EUR,1.6228,1.609878,31-Dec-25,IFS Web @ 2026-03-04,ADB,2026-03-04T12:09:24.130547Z
Pound Sterling,GBP,1.854441,1.843726,31-Dec-25,IFS Web @ 2026-03-04,ADB,2026-03-04T12:09:24.130547Z
Guyana Dollar,GYD,0.006663,0.006554,31-Dec-25,IFS Web @ 2026-03-04,ADB,2026-03-04T12:09:24.130547Z
Hong Kong Dollar,HKD,0.179222,0.17611,31-Dec-25,IFS Web @ 2026-03-04,ADB,2026-03-04T12:09:24.130547Z
Haitian Gourde,HTG,0.010668,0.010489,31-Dec-25,IFS Web @ 2026-03-04,ADB,2026-03-04T12:09:24.130547Z
Hungarian Forint,HUF,0.004199,0.004193,31-Dec-25,IFS Web @ 2026-03-04,ADB,2026-03-04T12:09:24.130547Z
Indonesian Rupiah,IDR,0.000084,0.000082,31-Dec-25,IFS Web @ 2026-03-04,ADB,2026-03-04T12:09:24.130547Z
Israeli Shekel,ILS,0.428691,0.430093,31-Dec-25,IFS Web @ 2026-03-04,ADB,2026-03-04T12:09:24.130547Z
Indian Rupees,INR,0.015644,0.015251,31-Dec-25,IFS Web @ 2026-03-04,ADB,2026-03-04T12:09:24.130547Z
Jamaican Dollar,JMD,0.008697,0.008626,31-Dec-25,IFS Web @ 2026-03-04,ADB,2026-03-04T12:09:24.130547Z
Jordan Dinar,JOD,1.967079,1.933357,31-Dec-25,IFS Web @ 2026-03-04,ADB,2026-03-04T12:09:24.130547Z
Japanese Yen,JPY,0.009047,0.008745,31-Dec-25,IFS Web @ 2026-03-04,ADB,2026-03-04T12:09:24.130547Z
Kenya Shilling,KES,0.010788,0.010626,31-Dec-25,IFS Web @ 2026-03-04,ADB,2026-03-04T12:09:24.130547Z
Cambodia Riel,KHR,0.000347,0.000342,31-Dec-25,IFS Web @ 2026-03-04,ADB,2026-03-04T12:09:24.130547Z
South Korean Won,KRW,0.000963,0.000952,31-Dec-25,IFS Web @ 2026-03-04,ADB,2026-03-04T12:09:24.130547Z
Kuwait Dinar,KWD,4.542729,4.457719,31-Dec-25,IFS Web @ 2026-03-04,ADB,2026-03-04T12:09:24.130547Z
Cayman Island Dollar,KYD,1.699914,1.671645,31-Dec-25,IFS Web @ 2026-03-04,ADB,2026-03-04T12:09:24.130547Z
Sri Lanka Rupee,LKR,0.004552,0.004427,31-Dec-25,IFS Web @ 2026-03-04,ADB,2026-03-04T12:09:24.130547Z
Myanmar Kyat,MMK,0.000663,0.000652,31-Dec-25,IFS Web @ 2026-03-04,ADB,2026-03-04T12:09:24.130547Z
Macau Pataca,MOP,0.174002,0.17098,31-Dec-25,IFS Web @ 2026-03-04,ADB,2026-03-04T12:09:24.130547Z
Mexican Peso,MXN,0.076178,0.07624,31-Dec-25,IFS Web @ 2026-03-04,ADB,2026-03-04T12:09:24.130547Z
Malaysian Ringgit,MYR,0.335661,0.33779,31-Dec-25,IFS Web @ 2026-03-04,ADB,2026-03-04T12:09:24.130547Z
Norwegian Krone,NOK,0.138142,0.135895,31-Dec-25,IFS Web @ 2026-03-04,ADB,2026-03-04T12:09:24.130547Z
New Zealand Dollar,NZD,0.799833,0.78825,31-Dec-25,IFS Web @ 2026-03-04,ADB,2026-03-04T12:09:24.130547Z
Panamanian Balboa,PAB,1.393934,1.370749,31-Dec-25,IFS Web @ 2026-03-04,ADB,2026-03-04T12:09:24.130547Z
Philippine Peso,PHP,0.023746,0.023299,31-Dec-25,IFS Web @ 2026-03-04,ADB,2026-03-04T12:09:24.130547Z
Polish Zloty,PLN,0.383133,0.381272,31-Dec-25,IFS Web @ 2026-03-04,ADB,2026-03-04T12:09:24.130547Z
Romanian Leu,RON,0.318911,0.316023,31-Dec-25,IFS Web @ 2026-03-04,ADB,2026-03-04T12:09:24.130547Z
Swedish Krona,SEK,0.148247,0.148691,31-Dec-25,IFS Web @ 2026-03-04,ADB,2026-03-04T12:09:24.130547Z
Singapore Dollar,SGD,1.075653,1.065901,31-Dec-25,IFS Web @ 2026-03-04,ADB,2026-03-04T12:09:24.130547Z
Suriname Dollar,SRD,0.036083,0.035953,31-Dec-25,IFS Web @ 2026-03-04,ADB,2026-03-04T12:09:24.130547Z
Thai Baht,THB,0.043334,0.043509,31-Dec-25,IFS Web @ 2026-03-04,ADB,2026-03-04T12:09:24.130547Z
Trinidad and Tobago Dollar,TTD,0.206598,0.202535,31-Dec-25,IFS Web @ 2026-03-04,ADB,2026-03-04T12:09:24.130547Z
New Taiwan Dollar,TWD,0.044894,0.043626,31-Dec-25,IFS Web @ 2026-03-04,ADB,2026-03-04T12:09:24.130547Z
Tanzanian Shilling,TZS,0.000568,0.000557,31-Dec-25,IFS Web @ 2026-03-04,ADB,2026-03-04T12:09:24.130547Z
Uganda Shilling,UGX,0.000394,0.000379,31-Dec-25,IFS Web @ 2026-03-04,ADB,2026-03-04T12:09:24.130547Z
U.S.Dollar,USD,1.393934,1.370749,31-Dec-25,IFS Web @ 2026-03-04,ADB,2026-03-04T12:09:24.130547Z
Uruguayan Peso,UYU,0.035186,0.035098,31-Dec-25,IFS Web @ 2026-03-04,ADB,2026-03-04T12:09:24.130547Z
Vietnamese Dong,VND,0.000053,0.000052,31-Dec-25,IFS Web @ 2026-03-04,ADB,2026-03-04T12:09:24.130547Z
East Caribbean Dollar,XCD,0.516271,0.507685,31-Dec-25,IFS Web @ 2026-03-04,ADB,2026-03-04T12:09:24.130547Z
South African Rand,ZAR,0.081492,0.082725,31-Dec-25,IFS Web @ 2026-03-04,ADB,2026-03-04T12:09:24.130547Z
Zambian Kwacha,ZMW,0.061205,0.061955,31-Dec-25,IFS Web @ 2026-03-04,ADB,2026-03-04T12:09:24.130547Z
Zimbabwe Gold,ZWG,0.052676,0.05276,31-Dec-25,IFS Web @ 2026-03-04,ADB,2026-03-04T12:09:24.130547Z
United Arab Emirates Dirham,AED,0.379514,0.373206,31-Dec-25,IFS Web @ 2026-04-30,ADB,2026-04-30T11:19:37.061155Z
Netherlands Antilles Guilder,ANG,0.778732,0.765782,31-Dec-25,IFS Web @ 2026-04-30,ADB,2026-04-30T11:19:37.061155Z
Argentine Peso,ARS,0.00097,0.000944,31-Dec-25,IFS Web @ 2026-04-30,ADB,2026-04-30T11:19:37.061155Z
Australian Dollar,AUD,0.91537,0.914084,31-Dec-25,IFS Web @ 2026-04-30,ADB,2026-04-30T11:19:37.061155Z
Barbados Dollar,BBD,0.696965,0.685375,31-Dec-25,IFS Web @ 2026-04-30,ADB,2026-04-30T11:19:37.061155Z
Bermuda Dollar,BMD,1.393934,1.370749,31-Dec-25,IFS Web @ 2026-04-30,ADB,2026-04-30T11:19:37.061155Z
Brunei Dollar,BND,1.075653,1.065901,31-Dec-25,IFS Web @ 2026-04-30,ADB,2026-04-30T11:19:37.061155Z
Brazilian Real,BRL,0.258343,0.250148,31-Dec-25,IFS Web @ 2026-04-30,ADB,2026-04-30T11:19:37.061155Z
Bahamian Dollar,BSD,1.393934,1.370749,31-Dec-25,IFS Web @ 2026-04-30,ADB,2026-04-30T11:19:37.061155Z
Belize Dollar,BZD,0.696965,0.685375,31-Dec-25,IFS Web @ 2026-04-30,ADB,2026-04-30T11:19:37.061155Z
Swiss Franc,CHF,1.744452,1.7302,31-Dec-25,IFS Web @ 2026-04-30,ADB,2026-04-30T11:19:37.061155Z
Chilean Peso,CLP,0.001493,0.00152,31-Dec-25,IFS Web @ 2026-04-30,ADB,2026-04-30T11:19:37.061155Z
Chinese Renminbi (Offshore),CNH,0.196613,0.196384,31-Dec-25,IFS Web @ 2026-04-30,ADB,2026-04-30T11:19:37.061155Z
Chinese Yuan Renminbi,CNY,0.196632,0.196153,31-Dec-25,IFS Web @ 2026-04-30,ADB,2026-04-30T11:19:37.061155Z
Columbian Peso,COP,0.000365,0.000363,31-Dec-25,IFS Web @ 2026-04-30,ADB,2026-04-30T11:19:37.061155Z
Cuban Peso,CUP,0.05808,0.057115,31-Dec-25,IFS Web @ 2026-04-30,ADB,2026-04-30T11:19:37.061155Z
Czech Koruna,CZK,0.066863,0.066601,31-Dec-25,IFS Web @ 2026-04-30,ADB,2026-04-30T11:19:37.061155Z
Danish Krone,DKK,0.217287,0.21554,31-Dec-25,IFS Web @ 2026-04-30,ADB,2026-04-30T11:19:37.061155Z
Dominican Republic Peso,DOP,0.021989,0.021737,31-Dec-25,IFS Web @ 2026-04-30,ADB,2026-04-30T11:19:37.061155Z
Egyptian Pound,EGP,0.02935,0.028737,31-Dec-25,IFS Web @ 2026-04-30,ADB,2026-04-30T11:19:37.061155Z
European Monetary Unit,EUR,1.6228,1.609878,31-Dec-25,IFS Web @ 2026-04-30,ADB,2026-04-30T11:19:37.061155Z
Pound Sterling,GBP,1.854441,1.843726,31-Dec-25,IFS Web @ 2026-04-30,ADB,2026-04-30T11:19:37.061155Z
Guyana Dollar,GYD,0.006663,0.006554,31-Dec-25,IFS Web @ 2026-04-30,ADB,2026-04-30T11:19:37.061155Z
Hong Kong Dollar,HKD,0.179222,0.17611,31-Dec-25,IFS Web @ 2026-04-30,ADB,2026-04-30T11:19:37.061155Z
Haitian Gourde,HTG,0.010668,0.010489,31-Dec-25,IFS Web @ 2026-04-30,ADB,2026-04-30T11:19:37.061155Z
Hungarian Forint,HUF,0.004199,0.004193,31-Dec-25,IFS Web @ 2026-04-30,ADB,2026-04-30T11:19:37.061155Z
Indonesian Rupiah,IDR,0.000084,0.000082,31-Dec-25,IFS Web @ 2026-04-30,ADB,2026-04-30T11:19:37.061155Z
Israeli Shekel,ILS,0.428691,0.430093,31-Dec-25,IFS Web @ 2026-04-30,ADB,2026-04-30T11:19:37.061155Z
Indian Rupees,INR,0.015644,0.015251,31-Dec-25,IFS Web @ 2026-04-30,ADB,2026-04-30T11:19:37.061155Z
Jamaican Dollar,JMD,0.008697,0.008626,31-Dec-25,IFS Web @ 2026-04-30,ADB,2026-04-30T11:19:37.061155Z
Jordan Dinar,JOD,1.967079,1.933357,31-Dec-25,IFS Web @ 2026-04-30,ADB,2026-04-30T11:19:37.061155Z
Japanese Yen,JPY,0.009047,0.008745,31-Dec-25,IFS Web @ 2026-04-30,ADB,2026-04-30T11:19:37.061155Z
Kenya Shilling,KES,0.010788,0.010626,31-Dec-25,IFS Web @ 2026-04-30,ADB,2026-04-30T11:19:37.061155Z
Cambodia Riel,KHR,0.000347,0.000342,31-Dec-25,IFS Web @ 2026-04-30,ADB,2026-04-30T11:19:37.061155Z
South Korean Won,KRW,0.000963,0.000952,31-Dec-25,IFS Web @ 2026-04-30,ADB,2026-04-30T11:19:37.061155Z
Kuwait Dinar,KWD,4.542729,4.457719,31-Dec-25,IFS Web @ 2026-04-30,ADB,2026-04-30T11:19:37.061155Z
Cayman Island Dollar,KYD,1.699914,1.671645,31-Dec-25,IFS Web @ 2026-04-30,ADB,2026-04-30T11:19:37.061155Z
Sri Lanka Rupee,LKR,0.004552,0.004427,31-Dec-25,IFS Web @ 2026-04-30,ADB,2026-04-30T11:19:37.061155Z
Myanmar Kyat,MMK,0.000663,0.000652,31-Dec-25,IFS Web @ 2026-04-30,ADB,2026-04-30T11:19:37.061155Z
Macau Pataca,MOP,0.174002,0.17098,31-Dec-25,IFS Web @ 2026-04-30,ADB,2026-04-30T11:19:37.061155Z
Mexican Peso,MXN,0.076178,0.07624,31-Dec-25,IFS Web @ 2026-04-30,ADB,2026-04-30T11:19:37.061155Z
Malaysian Ringgit,MYR,0.335661,0.33779,31-Dec-25,IFS Web @ 2026-04-30,ADB,2026-04-30T11:19:37.061155Z
Norwegian Krone,NOK,0.138142,0.135895,31-Dec-25,IFS Web @ 2026-04-30,ADB,2026-04-30T11:19:37.061155Z
New Zealand Dollar,NZD,0.799833,0.78825,31-Dec-25,IFS Web @ 2026-04-30,ADB,2026-04-30T11:19:37.061155Z
Panamanian Balboa,PAB,1.393934,1.370749,31-Dec-25,IFS Web @ 2026-04-30,ADB,2026-04-30T11:19:37.061155Z
Philippine Peso,PHP,0.023746,0.023299,31-Dec-25,IFS Web @ 2026-04-30,ADB,2026-04-30T11:19:37.061155Z
Polish Zloty,PLN,0.383133,0.381272,31-Dec-25,IFS Web @ 2026-04-30,ADB,2026-04-30T11:19:37.061155Z
Romanian Leu,RON,0.318911,0.316023,31-Dec-25,IFS Web @ 2026-04-30,ADB,2026-04-30T11:19:37.061155Z
Swedish Krona,SEK,0.148247,0.148691,31-Dec-25,IFS Web @ 2026-04-30,ADB,2026-04-30T11:19:37.061155Z
Singapore Dollar,SGD,1.075653,1.065901,31-Dec-25,IFS Web @ 2026-04-30,ADB,2026-04-30T11:19:37.061155Z
Suriname Dollar,SRD,0.036083,0.035953,31-Dec-25,IFS Web @ 2026-04-30,ADB,2026-04-30T11:19:37.061155Z
Thai Baht,THB,0.043334,0.043509,31-Dec-25,IFS Web @ 2026-04-30,ADB,2026-04-30T11:19:37.061155Z
Trinidad and Tobago Dollar,TTD,0.206598,0.202535,31-Dec-25,IFS Web @ 2026-04-30,ADB,2026-04-30T11:19:37.061155Z
New Taiwan Dollar,TWD,0.044894,0.043626,31-Dec-25,IFS Web @ 2026-04-30,ADB,2026-04-30T11:19:37.061155Z
Tanzanian Shilling,TZS,0.000568,0.000557,31-Dec-25,IFS Web @ 2026-04-30,ADB,2026-04-30T11:19:37.061155Z
Uganda Shilling,UGX,0.000394,0.000379,31-Dec-25,IFS Web @ 2026-04-30,ADB,2026-04-30T11:19:37.061155Z
U.S.Dollar,USD,1.393934,1.370749,31-Dec-25,IFS Web @ 2026-04-30,ADB,2026-04-30T11:19:37.061155Z
Uruguayan Peso,UYU,0.035186,0.035098,31-Dec-25,IFS Web @ 2026-04-30,ADB,2026-04-30T11:19:37.061155Z
Vietnamese Dong,VND,0.000053,0.000052,31-Dec-25,IFS Web @ 2026-04-30,ADB,2026-04-30T11:19:37.061155Z
East Caribbean Dollar,XCD,0.516271,0.507685,31-Dec-25,IFS Web @ 2026-04-30,ADB,2026-04-30T11:19:37.061155Z
South African Rand,ZAR,0.081492,0.082725,31-Dec-25,IFS Web @ 2026-04-30,ADB,2026-04-30T11:19:37.061155Z
Zambian Kwacha,ZMW,0.061205,0.061955,31-Dec-25,IFS Web @ 2026-04-30,ADB,2026-04-30T11:19:37.061155Z
Zimbabwe Gold,ZWG,0.052676,0.05276,31-Dec-25,IFS Web @ 2026-04-30,ADB,2026-04-30T11:19:37.061155Z
United Arab Emirates Dirham,AED,0.37744,0.37744,31-Aug-26,IFS Web @ 2026-09-01,ADB,2026-09-01T09:21:10.828359Z
Netherlands Antilles Guilder,ANG,0.774469,0.774469,31-Aug-26,IFS Web @ 2026-09-01,ADB,2026-09-01T09:21:10.828359Z
Argentine Peso,ARS,0.000918,0.000918,31-Aug-26,IFS Web @ 2026-09-01,ADB,2026-09-01T09:21:10.828359Z
Australian Dollar,AUD,0.993492,0.993492,31-Aug-26,IFS Web @ 2026-09-01,ADB,2026-09-01T09:21:10.828359Z
Barbados Dollar,BBD,0.69315,0.69315,31-Aug-26,IFS Web @ 2026-09-01,ADB,2026-09-01T09:21:10.828359Z
Bermuda Dollar,BMD,1.386299,1.386299,31-Aug-26,IFS Web @ 2026-09-01,ADB,2026-09-01T09:21:10.828359Z
Brunei Dollar,BND,1.089902,1.089902,31-Aug-26,IFS Web @ 2026-09-01,ADB,2026-09-01T09:21:10.828359Z
Brazilian Real,BRL,0.267584,0.267584,31-Aug-26,IFS Web @ 2026-09-01,ADB,2026-09-01T09:21:10.828359Z
Bahamian Dollar,BSD,1.386299,1.386299,31-Aug-26,IFS Web @ 2026-09-01,ADB,2026-09-01T09:21:10.828359Z
Belize Dollar,BZD,0.69315,0.69315,31-Aug-26,IFS Web @ 2026-09-01,ADB,2026-09-01T09:21:10.828359Z
Swiss Franc,CHF,1.715825,1.715825,31-Aug-26,IFS Web @ 2026-09-01,ADB,2026-09-01T09:21:10.828359Z
Chilean Peso,CLP,0.001485,0.001485,31-Aug-26,IFS Web @ 2026-09-01,ADB,2026-09-01T09:21:10.828359Z
Chinese Renminbi (Offshore),CNH,0.206356,0.206356,31-Aug-26,IFS Web @ 2026-09-01,ADB,2026-09-01T09:21:10.828359Z
Chinese Yuan Renminbi,CNY,0.206299,0.206299,31-Aug-26,IFS Web @ 2026-09-01,ADB,2026-09-01T09:21:10.828359Z
Columbian Peso,COP,0.000431,0.000431,31-Aug-26,IFS Web @ 2026-09-01,ADB,2026-09-01T09:21:10.828359Z
Cuban Peso,CUP,0.057763,0.057763,31-Aug-26,IFS Web @ 2026-09-01,ADB,2026-09-01T09:21:10.828359Z
Czech Koruna,CZK,0.066665,0.066665,31-Aug-26,IFS Web @ 2026-09-01,ADB,2026-09-01T09:21:10.828359Z
Danish Krone,DKK,0.215421,0.215421,31-Aug-26,IFS Web @ 2026-09-01,ADB,2026-09-01T09:21:10.828359Z
Dominican Republic Peso,DOP,0.023509,0.023509,31-Aug-26,IFS Web @ 2026-09-01,ADB,2026-09-01T09:21:10.828359Z
Egyptian Pound,EGP,0.027279,0.027279,31-Aug-26,IFS Web @ 2026-09-01,ADB,2026-09-01T09:21:10.828359Z
European Monetary Unit,EUR,1.610324,1.610324,31-Aug-26,IFS Web @ 2026-09-01,ADB,2026-09-01T09:21:10.828359Z
Pound Sterling,GBP,1.879544,1.879544,31-Aug-26,IFS Web @ 2026-09-01,ADB,2026-09-01T09:21:10.828359Z
Guyana Dollar,GYD,0.006649,0.006649,31-Aug-26,IFS Web @ 2026-09-01,ADB,2026-09-01T09:21:10.828359Z
Hong Kong Dollar,HKD,0.17684,0.17684,31-Aug-26,IFS Web @ 2026-09-01,ADB,2026-09-01T09:21:10.828359Z
Haitian Gourde,HTG,0.010622,0.010622,31-Aug-26,IFS Web @ 2026-09-01,ADB,2026-09-01T09:21:10.828359Z
Hungarian Forint,HUF,0.004408,0.004408,31-Aug-26,IFS Web @ 2026-09-01,ADB,2026-09-01T09:21:10.828359Z
Indonesian Rupiah,IDR,0.000078,0.000078,31-Aug-26,IFS Web @ 2026-09-01,ADB,2026-09-01T09:21:10.828359Z
Israeli Shekel,ILS,0.462447,0.462447,31-Aug-26,IFS Web @ 2026-09-01,ADB,2026-09-01T09:21:10.828359Z
Indian Rupees,INR,0.014565,0.014565,31-Aug-26,IFS Web @ 2026-09-01,ADB,2026-09-01T09:21:10.828359Z
Jamaican Dollar,JMD,0.008802,0.008802,31-Aug-26,IFS Web @ 2026-09-01,ADB,2026-09-01T09:21:10.828359Z
Jordan Dinar,JOD,1.95529,1.95529,31-Aug-26,IFS Web @ 2026-09-01,ADB,2026-09-01T09:21:10.828359Z
Japanese Yen,JPY,0.008681,0.008681,31-Aug-26,IFS Web @ 2026-09-01,ADB,2026-09-01T09:21:10.828359Z
Kenya Shilling,KES,0.010709,0.010709,31-Aug-26,IFS Web @ 2026-09-01,ADB,2026-09-01T09:21:10.828359Z
Cambodia Riel,KHR,0.000342,0.000342,31-Aug-26,IFS Web @ 2026-09-01,ADB,2026-09-01T09:21:10.828359Z
South Korean Won,KRW,0.001013,0.001013,31-Aug-26,IFS Web @ 2026-09-01,ADB,2026-09-01T09:21:10.828359Z
Kuwait Dinar,KWD,4.486417,4.486417,31-Aug-26,IFS Web @ 2026-09-01,ADB,2026-09-01T09:21:10.828359Z
Cayman Island Dollar,KYD,1.690609,1.690609,31-Aug-26,IFS Web @ 2026-09-01,ADB,2026-09-01T09:21:10.828359Z
Kazakhstani Tenge,KZT,0.003013,0.003013,31-Aug-26,IFS Web @ 2026-09-01,ADB,2026-09-01T09:21:10.828359Z
Sri Lanka Rupee,LKR,0.004223,0.004223,31-Aug-26,IFS Web @ 2026-09-01,ADB,2026-09-01T09:21:10.828359Z
Myanmar Kyat,MMK,0.000659,0.000659,31-Aug-26,IFS Web @ 2026-09-01,ADB,2026-09-01T09:21:10.828359Z
Macau Pataca,MOP,0.171689,0.171689,31-Aug-26,IFS Web @ 2026-09-01,ADB,2026-09-01T09:21:10.828359Z
Mexican Peso,MXN,0.081395,0.081395,31-Aug-26,IFS Web @ 2026-09-01,ADB,2026-09-01T09:21:10.828359Z
Malaysian Ringgit,MYR,0.344337,0.344337,31-Aug-26,IFS Web @ 2026-09-01,ADB,2026-09-01T09:21:10.828359Z
Nigerian Naira,NGN,0.001037,0.001037,31-Aug-26,IFS Web @ 2026-09-01,ADB,2026-09-01T09:21:10.828359Z
Norwegian Krone,NOK,0.148274,0.148274,31-Aug-26,IFS Web @ 2026-09-01,ADB,2026-09-01T09:21:10.828359Z
New Zealand Dollar,NZD,0.820066,0.820066,31-Aug-26,IFS Web @ 2026-09-01,ADB,2026-09-01T09:21:10.828359Z
Panamanian Balboa,PAB,1.386299,1.386299,31-Aug-26,IFS Web @ 2026-09-01,ADB,2026-09-01T09:21:10.828359Z
Philippine Peso,PHP,0.022267,0.022267,31-Aug-26,IFS Web @ 2026-09-01,ADB,2026-09-01T09:21:10.828359Z
Polish Zloty,PLN,0.371857,0.371857,31-Aug-26,IFS Web @ 2026-09-01,ADB,2026-09-01T09:21:10.828359Z
Romanian Leu,RON,0.306199,0.306199,31-Aug-26,IFS Web @ 2026-09-01,ADB,2026-09-01T09:21:10.828359Z
Swedish Krona,SEK,0.144573,0.144573,31-Aug-26,IFS Web @ 2026-09-01,ADB,2026-09-01T09:21:10.828359Z
Singapore Dollar,SGD,1.089902,1.089902,31-Aug-26,IFS Web @ 2026-09-01,ADB,2026-09-01T09:21:10.828359Z
Suriname Dollar,SRD,0.036615,0.036615,31-Aug-26,IFS Web @ 2026-09-01,ADB,2026-09-01T09:21:10.828359Z
Thai Baht,THB,0.041806,0.041806,31-Aug-26,IFS Web @ 2026-09-01,ADB,2026-09-01T09:21:10.828359Z
Trinidad and Tobago Dollar,TTD,0.206121,0.206121,31-Aug-26,IFS Web @ 2026-09-01,ADB,2026-09-01T09:21:10.828359Z
New Taiwan Dollar,TWD,0.043702,0.043702,31-Aug-26,IFS Web @ 2026-09-01,ADB,2026-09-01T09:21:10.828359Z
Tanzanian Shilling,TZS,0.000524,0.000524,31-Aug-26,IFS Web @ 2026-09-01,ADB,2026-09-01T09:21:10.828359Z
Uganda Shilling,UGX,0.000366,0.000366,31-Aug-26,IFS Web @ 2026-09-01,ADB,2026-09-01T09:21:10.828359Z
U.S.Dollar,USD,1.386299,1.386299,31-Aug-26,IFS Web @ 2026-09-01,ADB,2026-09-01T09:21:10.828359Z
Uruguayan Peso,UYU,0.034395,0.034395,31-Aug-26,IFS Web @ 2026-09-01,ADB,2026-09-01T09:21:10.828359Z
Vietnamese Dong,VND,0.000053,0.000053,31-Aug-26,IFS Web @ 2026-09-01,ADB,2026-09-01T09:21:10.828359Z
East Caribbean Dollar,XCD,0.513445,0.513445,31-Aug-26,IFS Web @ 2026-09-01,ADB,2026-09-01T09:21:10.828359Z
South African Rand,ZAR,0.085939,0.085939,31-Aug-26,IFS Web @ 2026-09-01,ADB,2026-09-01T09:21:10.828359Z
Zambian Kwacha,ZMW,0.072638,0.072638,31-Aug-26,IFS Web @ 2026-09-01,ADB,2026-09-01T09:21:10.828359Z
Zimbabwe Gold,ZWG,0.051987,0.051987,31-Aug-26,IFS Web @ 2026-09-01,ADB,2026-09-01T09:21:10.828359Z
United Arab Emirates Dirham,AED,0.376807,0.386291,30-Jun-26,IFS Web @ 2026-07-01,ADB,2026-07-01T09:03:12.593604Z
Netherlands Antilles Guilder,ANG,0.773172,0.792598,30-Jun-26,IFS Web @ 2026-07-01,ADB,2026-07-01T09:03:12.593604Z
Argentine Peso,ARS,0.000982,0.000958,30-Jun-26,IFS Web @ 2026-07-01,ADB,2026-07-01T09:03:12.593604Z
Australian Dollar,AUD,0.98264,0.98291,30-Jun-26,IFS Web @ 2026-07-01,ADB,2026-07-01T09:03:12.593604Z
Barbados Dollar,BBD,0.691988,0.709375,30-Jun-26,IFS Web @ 2026-07-01,ADB,2026-07-01T09:03:12.593604Z
Bermuda Dollar,BMD,1.383982,1.41875,30-Jun-26,IFS Web @ 2026-07-01,ADB,2026-07-01T09:03:12.593604Z
Brunei Dollar,BND,1.081475,1.096872,30-Jun-26,IFS Web @ 2026-07-01,ADB,2026-07-01T09:03:12.593604Z
Brazilian Real,BRL,0.274084,0.274104,30-Jun-26,IFS Web @ 2026-07-01,ADB,2026-07-01T09:03:12.593604Z
Bahamian Dollar,BSD,1.383982,1.41875,30-Jun-26,IFS Web @ 2026-07-01,ADB,2026-07-01T09:03:12.593604Z
Belize Dollar,BZD,0.691988,0.709375,30-Jun-26,IFS Web @ 2026-07-01,ADB,2026-07-01T09:03:12.593604Z
Swiss Franc,CHF,1.751694,1.758817,30-Jun-26,IFS Web @ 2026-07-01,ADB,2026-07-01T09:03:12.593604Z
Chilean Peso,CLP,0.001537,0.001539,30-Jun-26,IFS Web @ 2026-07-01,ADB,2026-07-01T09:03:12.593604Z
Chinese Renminbi (Offshore),CNH,0.203347,0.209009,30-Jun-26,IFS Web @ 2026-07-01,ADB,2026-07-01T09:03:12.593604Z
Chinese Yuan Renminbi,CNY,0.203364,0.209089,30-Jun-26,IFS Web @ 2026-07-01,ADB,2026-07-01T09:03:12.593604Z
Columbian Peso,COP,0.000384,0.000411,30-Jun-26,IFS Web @ 2026-07-01,ADB,2026-07-01T09:03:12.593604Z
Cuban Peso,CUP,0.057666,0.059115,30-Jun-26,IFS Web @ 2026-07-01,ADB,2026-07-01T09:03:12.593604Z
Czech Koruna,CZK,0.066241,0.066841,30-Jun-26,IFS Web @ 2026-07-01,ADB,2026-07-01T09:03:12.593604Z
Danish Krone,DKK,0.215388,0.217001,30-Jun-26,IFS Web @ 2026-07-01,ADB,2026-07-01T09:03:12.593604Z
Dominican Republic Peso,DOP,0.023344,0.023801,30-Jun-26,IFS Web @ 2026-07-01,ADB,2026-07-01T09:03:12.593604Z
Egyptian Pound,EGP,0.026525,0.028842,30-Jun-26,IFS Web @ 2026-07-01,ADB,2026-07-01T09:03:12.593604Z
European Monetary Unit,EUR,1.609671,1.622057,30-Jun-26,IFS Web @ 2026-07-01,ADB,2026-07-01T09:03:12.593604Z
Pound Sterling,GBP,1.858339,1.883033,30-Jun-26,IFS Web @ 2026-07-01,ADB,2026-07-01T09:03:12.593604Z
Guyana Dollar,GYD,0.006617,0.006805,30-Jun-26,IFS Web @ 2026-07-01,ADB,2026-07-01T09:03:12.593604Z
Hong Kong Dollar,HKD,0.176641,0.180916,30-Jun-26,IFS Web @ 2026-07-01,ADB,2026-07-01T09:03:12.593604Z
Haitian Gourde,HTG,0.010601,0.010867,30-Jun-26,IFS Web @ 2026-07-01,ADB,2026-07-01T09:03:12.593604Z
Hungarian Forint,HUF,0.004462,0.004557,30-Jun-26,IFS Web @ 2026-07-01,ADB,2026-07-01T09:03:12.593604Z
Indonesian Rupiah,IDR,0.000079,0.000079,30-Jun-26,IFS Web @ 2026-07-01,ADB,2026-07-01T09:03:12.593604Z
Israeli Shekel,ILS,0.468153,0.476178,30-Jun-26,IFS Web @ 2026-07-01,ADB,2026-07-01T09:03:12.593604Z
Indian Rupees,INR,0.01462,0.014988,30-Jun-26,IFS Web @ 2026-07-01,ADB,2026-07-01T09:03:12.593604Z
Jamaican Dollar,JMD,0.008779,0.009008,30-Jun-26,IFS Web @ 2026-07-01,ADB,2026-07-01T09:03:12.593604Z
Jordan Dinar,JOD,1.952084,2.001057,30-Jun-26,IFS Web @ 2026-07-01,ADB,2026-07-01T09:03:12.593604Z
Japanese Yen,JPY,0.008686,0.008729,30-Jun-26,IFS Web @ 2026-07-01,ADB,2026-07-01T09:03:12.593604Z
Kenya Shilling,KES,0.010695,0.01096,30-Jun-26,IFS Web @ 2026-07-01,ADB,2026-07-01T09:03:12.593604Z
Cambodia Riel,KHR,0.000345,0.000353,30-Jun-26,IFS Web @ 2026-07-01,ADB,2026-07-01T09:03:12.593604Z
South Korean Won,KRW,0.000922,0.000916,30-Jun-26,IFS Web @ 2026-07-01,ADB,2026-07-01T09:03:12.593604Z
Kuwait Dinar,KWD,4.48521,4.579572,30-Jun-26,IFS Web @ 2026-07-01,ADB,2026-07-01T09:03:12.593604Z
Cayman Island Dollar,KYD,1.687778,1.730182,30-Jun-26,IFS Web @ 2026-07-01,ADB,2026-07-01T09:03:12.593604Z
Sri Lanka Rupee,LKR,0.004248,0.004224,30-Jun-26,IFS Web @ 2026-07-01,ADB,2026-07-01T09:03:12.593604Z
Myanmar Kyat,MMK,0.000659,0.000676,30-Jun-26,IFS Web @ 2026-07-01,ADB,2026-07-01T09:03:12.593604Z
Macau Pataca,MOP,0.171496,0.175645,30-Jun-26,IFS Web @ 2026-07-01,ADB,2026-07-01T09:03:12.593604Z
Mexican Peso,MXN,0.079619,0.081193,30-Jun-26,IFS Web @ 2026-07-01,ADB,2026-07-01T09:03:12.593604Z
Malaysian Ringgit,MYR,0.346035,0.347946,30-Jun-26,IFS Web @ 2026-07-01,ADB,2026-07-01T09:03:12.593604Z
Norwegian Krone,NOK,0.146757,0.143373,30-Jun-26,IFS Web @ 2026-07-01,ADB,2026-07-01T09:03:12.593604Z
New Zealand Dollar,NZD,0.808674,0.807056,30-Jun-26,IFS Web @ 2026-07-01,ADB,2026-07-01T09:03:12.593604Z
Panamanian Balboa,PAB,1.383982,1.41875,30-Jun-26,IFS Web @ 2026-07-01,ADB,2026-07-01T09:03:12.593604Z
Philippine Peso,PHP,0.022697,0.023118,30-Jun-26,IFS Web @ 2026-07-01,ADB,2026-07-01T09:03:12.593604Z
Polish Zloty,PLN,0.378779,0.377443,30-Jun-26,IFS Web @ 2026-07-01,ADB,2026-07-01T09:03:12.593604Z
Romanian Leu,RON,0.310161,0.309629,30-Jun-26,IFS Web @ 2026-07-01,ADB,2026-07-01T09:03:12.593604Z
Swedish Krona,SEK,0.147869,0.146593,30-Jun-26,IFS Web @ 2026-07-01,ADB,2026-07-01T09:03:12.593604Z
Singapore Dollar,SGD,1.081475,1.096872,30-Jun-26,IFS Web @ 2026-07-01,ADB,2026-07-01T09:03:12.593604Z
Suriname Dollar,SRD,0.036992,0.037829,30-Jun-26,IFS Web @ 2026-07-01,ADB,2026-07-01T09:03:12.593604Z
Thai Baht,THB,0.04249,0.042707,30-Jun-26,IFS Web @ 2026-07-01,ADB,2026-07-01T09:03:12.593604Z
Trinidad and Tobago Dollar,TTD,0.204851,0.210132,30-Jun-26,IFS Web @ 2026-07-01,ADB,2026-07-01T09:03:12.593604Z
New Taiwan Dollar,TWD,0.043788,0.044536,30-Jun-26,IFS Web @ 2026-07-01,ADB,2026-07-01T09:03:12.593604Z
Tanzanian Shilling,TZS,0.00053,0.000538,30-Jun-26,IFS Web @ 2026-07-01,ADB,2026-07-01T09:03:12.593604Z
Uganda Shilling,UGX,0.000371,0.000387,30-Jun-26,IFS Web @ 2026-07-01,ADB,2026-07-01T09:03:12.593604Z
U.S.Dollar,USD,1.383982,1.41875,30-Jun-26,IFS Web @ 2026-07-01,ADB,2026-07-01T09:03:12.593604Z
Uruguayan Peso,UYU,0.034495,0.035297,30-Jun-26,IFS Web @ 2026-07-01,ADB,2026-07-01T09:03:12.593604Z
Vietnamese Dong,VND,0.000053,0.000054,30-Jun-26,IFS Web @ 2026-07-01,ADB,2026-07-01T09:03:12.593604Z
East Caribbean Dollar,XCD,0.512584,0.525463,30-Jun-26,IFS Web @ 2026-07-01,ADB,2026-07-01T09:03:12.593604Z
South African Rand,ZAR,0.084014,0.086562,30-Jun-26,IFS Web @ 2026-07-01,ADB,2026-07-01T09:03:12.593604Z
Zambian Kwacha,ZMW,0.074489,0.078455,30-Jun-26,IFS Web @ 2026-07-01,ADB,2026-07-01T09:03:12.593604Z
Zimbabwe Gold,ZWG,0.052787,0.052998,30-Jun-26,IFS Web @ 2026-07-01,ADB,2026-07-01T09:03:12.593604Z
United Arab Emirates Dirham,AED,0.381957,0.381957,31-Jul-26,IFS Web @ 2026-08-01,ADB,2026-08-01T09:03:53.740579Z
Netherlands Antilles Guilder,ANG,0.783715,0.783715,31-Jul-26,IFS Web @ 2026-08-01,ADB,2026-08-01T09:03:53.740579Z
Argentine Peso,ARS,0.000942,0.000942,31-Jul-26,IFS Web @ 2026-08-01,ADB,2026-08-01T09:03:53.740579Z
Australian Dollar,AUD,0.985292,0.985292,31-Jul-26,IFS Web @ 2026-08-01,ADB,2026-08-01T09:03:53.740579Z
Barbados Dollar,BBD,0.701425,0.701425,31-Jul-26,IFS Web @ 2026-08-01,ADB,2026-08-01T09:03:53.740579Z
Bermuda Dollar,BMD,1.402849,1.402849,31-Jul-26,IFS Web @ 2026-08-01,ADB,2026-08-01T09:03:53.740579Z
Brunei Dollar,BND,1.092733,1.092733,31-Jul-26,IFS Web @ 2026-08-01,ADB,2026-08-01T09:03:53.740579Z
Brazilian Real,BRL,0.276116,0.276116,31-Jul-26,IFS Web @ 2026-08-01,ADB,2026-08-01T09:03:53.740579Z
Bahamian Dollar,BSD,1.402849,1.402849,31-Jul-26,IFS Web @ 2026-08-01,ADB,2026-08-01T09:03:53.740579Z
Belize Dollar,BZD,0.701425,0.701425,31-Jul-26,IFS Web @ 2026-08-01,ADB,2026-08-01T09:03:53.740579Z
Swiss Franc,CHF,1.733947,1.733947,31-Jul-26,IFS Web @ 2026-08-01,ADB,2026-08-01T09:03:53.740579Z
Chilean Peso,CLP,0.001511,0.001511,31-Jul-26,IFS Web @ 2026-08-01,ADB,2026-08-01T09:03:53.740579Z
Chinese Renminbi (Offshore),CNH,0.207725,0.207725,31-Jul-26,IFS Web @ 2026-08-01,ADB,2026-08-01T09:03:53.740579Z
Chinese Yuan Renminbi,CNY,0.207905,0.207905,31-Jul-26,IFS Web @ 2026-08-01,ADB,2026-08-01T09:03:53.740579Z
Columbian Peso,COP,0.000446,0.000446,31-Jul-26,IFS Web @ 2026-08-01,ADB,2026-08-01T09:03:53.740579Z
Cuban Peso,CUP,0.058452,0.058452,31-Jul-26,IFS Web @ 2026-08-01,ADB,2026-08-01T09:03:53.740579Z
Czech Koruna,CZK,0.0667,0.0667,31-Jul-26,IFS Web @ 2026-08-01,ADB,2026-08-01T09:03:53.740579Z
Danish Krone,DKK,0.215931,0.215931,31-Jul-26,IFS Web @ 2026-08-01,ADB,2026-08-01T09:03:53.740579Z
Dominican Republic Peso,DOP,0.024133,0.024133,31-Jul-26,IFS Web @ 2026-08-01,ADB,2026-08-01T09:03:53.740579Z
Egyptian Pound,EGP,0.027426,0.027426,31-Jul-26,IFS Web @ 2026-08-01,ADB,2026-08-01T09:03:53.740579Z
European Monetary Unit,EUR,1.614049,1.614049,31-Jul-26,IFS Web @ 2026-08-01,ADB,2026-08-01T09:03:53.740579Z
Pound Sterling,GBP,1.887886,1.887886,31-Jul-26,IFS Web @ 2026-08-01,ADB,2026-08-01T09:03:53.740579Z
Guyana Dollar,GYD,0.006693,0.006693,31-Jul-26,IFS Web @ 2026-08-01,ADB,2026-08-01T09:03:53.740579Z
Hong Kong Dollar,HKD,0.178898,0.178898,31-Jul-26,IFS Web @ 2026-08-01,ADB,2026-08-01T09:03:53.740579Z
Haitian Gourde,HTG,0.01075,0.01075,31-Jul-26,IFS Web @ 2026-08-01,ADB,2026-08-01T09:03:53.740579Z
Hungarian Forint,HUF,0.004427,0.004427,31-Jul-26,IFS Web @ 2026-08-01,ADB,2026-08-01T09:03:53.740579Z
Indonesian Rupiah,IDR,0.000078,0.000078,31-Jul-26,IFS Web @ 2026-08-01,ADB,2026-08-01T09:03:53.740579Z
Israeli Shekel,ILS,0.458126,0.458126,31-Jul-26,IFS Web @ 2026-08-01,ADB,2026-08-01T09:03:53.740579Z
Indian Rupees,INR,0.014703,0.014703,31-Jul-26,IFS Web @ 2026-08-01,ADB,2026-08-01T09:03:53.740579Z
Jamaican Dollar,JMD,0.008863,0.008863,31-Jul-26,IFS Web @ 2026-08-01,ADB,2026-08-01T09:03:53.740579Z
Jordan Dinar,JOD,1.978631,1.978631,31-Jul-26,IFS Web @ 2026-08-01,ADB,2026-08-01T09:03:53.740579Z
Japanese Yen,JPY,0.00881,0.00881,31-Jul-26,IFS Web @ 2026-08-01,ADB,2026-08-01T09:03:53.740579Z
Kenya Shilling,KES,0.010858,0.010858,31-Jul-26,IFS Web @ 2026-08-01,ADB,2026-08-01T09:03:53.740579Z
Cambodia Riel,KHR,0.000347,0.000347,31-Jul-26,IFS Web @ 2026-08-01,ADB,2026-08-01T09:03:53.740579Z
South Korean Won,KRW,0.000984,0.000984,31-Jul-26,IFS Web @ 2026-08-01,ADB,2026-08-01T09:03:53.740579Z
Kuwait Dinar,KWD,4.534099,4.534099,31-Jul-26,IFS Web @ 2026-08-01,ADB,2026-08-01T09:03:53.740579Z
Cayman Island Dollar,KYD,1.710794,1.710794,31-Jul-26,IFS Web @ 2026-08-01,ADB,2026-08-01T09:03:53.740579Z
Sri Lanka Rupee,LKR,0.004179,0.004179,31-Jul-26,IFS Web @ 2026-08-01,ADB,2026-08-01T09:03:53.740579Z
Myanmar Kyat,MMK,0.000666,0.000666,31-Jul-26,IFS Web @ 2026-08-01,ADB,2026-08-01T09:03:53.740579Z
Macau Pataca,MOP,0.173688,0.173688,31-Jul-26,IFS Web @ 2026-08-01,ADB,2026-08-01T09:03:53.740579Z
Mexican Peso,MXN,0.080854,0.080854,31-Jul-26,IFS Web @ 2026-08-01,ADB,2026-08-01T09:03:53.740579Z
Malaysian Ringgit,MYR,0.343289,0.343289,31-Jul-26,IFS Web @ 2026-08-01,ADB,2026-08-01T09:03:53.740579Z
Norwegian Krone,NOK,0.147914,0.147914,31-Jul-26,IFS Web @ 2026-08-01,ADB,2026-08-01T09:03:53.740579Z
New Zealand Dollar,NZD,0.824385,0.824385,31-Jul-26,IFS Web @ 2026-08-01,ADB,2026-08-01T09:03:53.740579Z
Panamanian Balboa,PAB,1.402849,1.402849,31-Jul-26,IFS Web @ 2026-08-01,ADB,2026-08-01T09:03:53.740579Z
Philippine Peso,PHP,0.022915,0.022915,31-Jul-26,IFS Web @ 2026-08-01,ADB,2026-08-01T09:03:53.740579Z
Polish Zloty,PLN,0.374753,0.374753,31-Jul-26,IFS Web @ 2026-08-01,ADB,2026-08-01T09:03:53.740579Z
Romanian Leu,RON,0.307683,0.307683,31-Jul-26,IFS Web @ 2026-08-01,ADB,2026-08-01T09:03:53.740579Z
Swedish Krona,SEK,0.147049,0.147049,31-Jul-26,IFS Web @ 2026-08-01,ADB,2026-08-01T09:03:53.740579Z
Singapore Dollar,SGD,1.092733,1.092733,31-Jul-26,IFS Web @ 2026-08-01,ADB,2026-08-01T09:03:53.740579Z
Suriname Dollar,SRD,0.037211,0.037211,31-Jul-26,IFS Web @ 2026-08-01,ADB,2026-08-01T09:03:53.740579Z
Thai Baht,THB,0.042011,0.042011,31-Jul-26,IFS Web @ 2026-08-01,ADB,2026-08-01T09:03:53.740579Z
Trinidad and Tobago Dollar,TTD,0.206841,0.206841,31-Jul-26,IFS Web @ 2026-08-01,ADB,2026-08-01T09:03:53.740579Z
New Taiwan Dollar,TWD,0.043406,0.043406,31-Jul-26,IFS Web @ 2026-08-01,ADB,2026-08-01T09:03:53.740579Z
Tanzanian Shilling,TZS,0.000531,0.000531,31-Jul-26,IFS Web @ 2026-08-01,ADB,2026-08-01T09:03:53.740579Z
Uganda Shilling,UGX,0.000375,0.000375,31-Jul-26,IFS Web @ 2026-08-01,ADB,2026-08-01T09:03:53.740579Z
U.S.Dollar,USD,1.402849,1.402849,31-Jul-26,IFS Web @ 2026-08-01,ADB,2026-08-01T09:03:53.740579Z
Uruguayan Peso,UYU,0.034875,0.034875,31-Jul-26,IFS Web @ 2026-08-01,ADB,2026-08-01T09:03:53.740579Z
Vietnamese Dong,VND,0.000053,0.000053,31-Jul-26,IFS Web @ 2026-08-01,ADB,2026-08-01T09:03:53.740579Z
East Caribbean Dollar,XCD,0.519574,0.519574,31-Jul-26,IFS Web @ 2026-08-01,ADB,2026-08-01T09:03:53.740579Z
South African Rand,ZAR,0.084758,0.084758,31-Jul-26,IFS Web @ 2026-08-01,ADB,2026-08-01T09:03:53.740579Z
Zambian Kwacha,ZMW,0.074647,0.074647,31-Jul-26,IFS Web @ 2026-08-01,ADB,2026-08-01T09:03:53.740579Z
Zimbabwe Gold,ZWG,0.051795,0.051795,31-Jul-26,IFS Web @ 2026-08-01,ADB,2026-08-01T09:03:53.740579Z
United Arab Emirates Dirham,AED,0.375063,0.375063,31-May-26,IFS Web @ Column<'current_date()'>,ADB,2026-05-30T09:08:38.394474Z
Netherlands Antilles Guilder,ANG,0.769581,0.769581,31-May-26,IFS Web @ Column<'current_date()'>,ADB,2026-05-30T09:08:38.394474Z
Argentine Peso,ARS,0.000975,0.000975,31-May-26,IFS Web @ Column<'current_date()'>,ADB,2026-05-30T09:08:38.394474Z
Australian Dollar,AUD,0.991147,0.991147,31-May-26,IFS Web @ Column<'current_date()'>,ADB,2026-05-30T09:08:38.394474Z
Barbados Dollar,BBD,0.688775,0.688775,31-May-26,IFS Web @ Column<'current_date()'>,ADB,2026-05-30T09:08:38.394474Z
Bermuda Dollar,BMD,1.377551,1.377551,31-May-26,IFS Web @ Column<'current_date()'>,ADB,2026-05-30T09:08:38.394474Z
Brunei Dollar,BND,1.080135,1.080135,31-May-26,IFS Web @ Column<'current_date()'>,ADB,2026-05-30T09:08:38.394474Z
Brazilian Real,BRL,0.27234,0.27234,31-May-26,IFS Web @ Column<'current_date()'>,ADB,2026-05-30T09:08:38.394474Z
Bahamian Dollar,BSD,1.377551,1.377551,31-May-26,IFS Web @ Column<'current_date()'>,ADB,2026-05-30T09:08:38.394474Z
Belize Dollar,BZD,0.688775,0.688775,31-May-26,IFS Web @ Column<'current_date()'>,ADB,2026-05-30T09:08:38.394474Z
Swiss Franc,CHF,1.763037,1.763037,31-May-26,IFS Web @ Column<'current_date()'>,ADB,2026-05-30T09:08:38.394474Z
Chilean Peso,CLP,0.001548,0.001548,31-May-26,IFS Web @ Column<'current_date()'>,ADB,2026-05-30T09:08:38.394474Z
Chinese Renminbi (Offshore),CNH,0.203736,0.203736,31-May-26,IFS Web @ Column<'current_date()'>,ADB,2026-05-30T09:08:38.394474Z
Chinese Yuan Renminbi,CNY,0.203522,0.203522,31-May-26,IFS Web @ Column<'current_date()'>,ADB,2026-05-30T09:08:38.394474Z
Columbian Peso,COP,0.000376,0.000376,31-May-26,IFS Web @ Column<'current_date()'>,ADB,2026-05-30T09:08:38.394474Z
Cuban Peso,CUP,0.057398,0.057398,31-May-26,IFS Web @ Column<'current_date()'>,ADB,2026-05-30T09:08:38.394474Z
Czech Koruna,CZK,0.066177,0.066177,31-May-26,IFS Web @ Column<'current_date()'>,ADB,2026-05-30T09:08:38.394474Z
Danish Krone,DKK,0.215098,0.215098,31-May-26,IFS Web @ Column<'current_date()'>,ADB,2026-05-30T09:08:38.394474Z
Dominican Republic Peso,DOP,0.023424,0.023424,31-May-26,IFS Web @ Column<'current_date()'>,ADB,2026-05-30T09:08:38.394474Z
Egyptian Pound,EGP,0.02638,0.02638,31-May-26,IFS Web @ Column<'current_date()'>,ADB,2026-05-30T09:08:38.394474Z
European Monetary Unit,EUR,1.607531,1.607531,31-May-26,IFS Web @ Column<'current_date()'>,ADB,2026-05-30T09:08:38.394474Z
Pound Sterling,GBP,1.856869,1.856869,31-May-26,IFS Web @ Column<'current_date()'>,ADB,2026-05-30T09:08:38.394474Z
Guyana Dollar,GYD,0.006598,0.006598,31-May-26,IFS Web @ Column<'current_date()'>,ADB,2026-05-30T09:08:38.394474Z
Hong Kong Dollar,HKD,0.175766,0.175766,31-May-26,IFS Web @ Column<'current_date()'>,ADB,2026-05-30T09:08:38.394474Z
Haitian Gourde,HTG,0.010547,0.010547,31-May-26,IFS Web @ Column<'current_date()'>,ADB,2026-05-30T09:08:38.394474Z
Hungarian Forint,HUF,0.00454,0.00454,31-May-26,IFS Web @ Column<'current_date()'>,ADB,2026-05-30T09:08:38.394474Z
Indonesian Rupiah,IDR,0.000077,0.000077,31-May-26,IFS Web @ Column<'current_date()'>,ADB,2026-05-30T09:08:38.394474Z
Israeli Shekel,ILS,0.491377,0.491377,31-May-26,IFS Web @ Column<'current_date()'>,ADB,2026-05-30T09:08:38.394474Z
Indian Rupees,INR,0.014501,0.014501,31-May-26,IFS Web @ Column<'current_date()'>,ADB,2026-05-30T09:08:38.394474Z
Jamaican Dollar,JMD,0.008746,0.008746,31-May-26,IFS Web @ Column<'current_date()'>,ADB,2026-05-30T09:08:38.394474Z
Jordan Dinar,JOD,1.942947,1.942947,31-May-26,IFS Web @ Column<'current_date()'>,ADB,2026-05-30T09:08:38.394474Z
Japanese Yen,JPY,0.008653,0.008653,31-May-26,IFS Web @ Column<'current_date()'>,ADB,2026-05-30T09:08:38.394474Z
Kenya Shilling,KES,0.010642,0.010642,31-May-26,IFS Web @ Column<'current_date()'>,ADB,2026-05-30T09:08:38.394474Z
Cambodia Riel,KHR,0.000343,0.000343,31-May-26,IFS Web @ Column<'current_date()'>,ADB,2026-05-30T09:08:38.394474Z
South Korean Won,KRW,0.000914,0.000914,31-May-26,IFS Web @ Column<'current_date()'>,ADB,2026-05-30T09:08:38.394474Z
Kuwait Dinar,KWD,4.45232,4.45232,31-May-26,IFS Web @ Column<'current_date()'>,ADB,2026-05-30T09:08:38.394474Z
Cayman Island Dollar,KYD,1.679938,1.679938,31-May-26,IFS Web @ Column<'current_date()'>,ADB,2026-05-30T09:08:38.394474Z
Sri Lanka Rupee,LKR,0.004181,0.004181,31-May-26,IFS Web @ Column<'current_date()'>,ADB,2026-05-30T09:08:38.394474Z
Myanmar Kyat,MMK,0.000657,0.000657,31-May-26,IFS Web @ Column<'current_date()'>,ADB,2026-05-30T09:08:38.394474Z
Macau Pataca,MOP,0.170647,0.170647,31-May-26,IFS Web @ Column<'current_date()'>,ADB,2026-05-30T09:08:38.394474Z
Mexican Peso,MXN,0.079439,0.079439,31-May-26,IFS Web @ Column<'current_date()'>,ADB,2026-05-30T09:08:38.394474Z
Malaysian Ringgit,MYR,0.347428,0.347428,31-May-26,IFS Web @ Column<'current_date()'>,ADB,2026-05-30T09:08:38.394474Z
Norwegian Krone,NOK,0.149163,0.149163,31-May-26,IFS Web @ Column<'current_date()'>,ADB,2026-05-30T09:08:38.394474Z
New Zealand Dollar,NZD,0.824739,0.824739,31-May-26,IFS Web @ Column<'current_date()'>,ADB,2026-05-30T09:08:38.394474Z
Panamanian Balboa,PAB,1.377551,1.377551,31-May-26,IFS Web @ Column<'current_date()'>,ADB,2026-05-30T09:08:38.394474Z
Philippine Peso,PHP,0.022364,0.022364,31-May-26,IFS Web @ Column<'current_date()'>,ADB,2026-05-30T09:08:38.394474Z
Polish Zloty,PLN,0.38035,0.38035,31-May-26,IFS Web @ Column<'current_date()'>,ADB,2026-05-30T09:08:38.394474Z
Romanian Leu,RON,0.306,0.306,31-May-26,IFS Web @ Column<'current_date()'>,ADB,2026-05-30T09:08:38.394474Z
Swedish Krona,SEK,0.149194,0.149194,31-May-26,IFS Web @ Column<'current_date()'>,ADB,2026-05-30T09:08:38.394474Z
Singapore Dollar,SGD,1.080135,1.080135,31-May-26,IFS Web @ Column<'current_date()'>,ADB,2026-05-30T09:08:38.394474Z
Suriname Dollar,SRD,0.037046,0.037046,31-May-26,IFS Web @ Column<'current_date()'>,ADB,2026-05-30T09:08:38.394474Z
Thai Baht,THB,0.042328,0.042328,31-May-26,IFS Web @ Column<'current_date()'>,ADB,2026-05-30T09:08:38.394474Z
Trinidad and Tobago Dollar,TTD,0.203893,0.203893,31-May-26,IFS Web @ Column<'current_date()'>,ADB,2026-05-30T09:08:38.394474Z
New Taiwan Dollar,TWD,0.043975,0.043975,31-May-26,IFS Web @ Column<'current_date()'>,ADB,2026-05-30T09:08:38.394474Z
Tanzanian Shilling,TZS,0.000526,0.000526,31-May-26,IFS Web @ Column<'current_date()'>,ADB,2026-05-30T09:08:38.394474Z
Uganda Shilling,UGX,0.000365,0.000365,31-May-26,IFS Web @ Column<'current_date()'>,ADB,2026-05-30T09:08:38.394474Z
U.S.Dollar,USD,1.377551,1.377551,31-May-26,IFS Web @ Column<'current_date()'>,ADB,2026-05-30T09:08:38.394474Z
Uruguayan Peso,UYU,0.034314,0.034314,31-May-26,IFS Web @ Column<'current_date()'>,ADB,2026-05-30T09:08:38.394474Z
Vietnamese Dong,VND,0.000052,0.000052,31-May-26,IFS Web @ Column<'current_date()'>,ADB,2026-05-30T09:08:38.394474Z
East Caribbean Dollar,XCD,0.510204,0.510204,31-May-26,IFS Web @ Column<'current_date()'>,ADB,2026-05-30T09:08:38.394474Z
South African Rand,ZAR,0.08506,0.08506,31-May-26,IFS Web @ Column<'current_date()'>,ADB,2026-05-30T09:08:38.394474Z
Zambian Kwacha,ZMW,0.075173,0.075173,31-May-26,IFS Web @ Column<'current_date()'>,ADB,2026-05-30T09:08:38.394474Z
Zimbabwe Gold,ZWG,0.052091,0.052091,31-May-26,IFS Web @ Column<'current_date()'>,ADB,2026-05-30T09:08:38.394474Z
United Arab Emirates Dirham,AED,0.37343,0.379917,31-Mar-26,IFS Web @ 2026-04-01,ADB,2026-04-01T10:01:20.486341Z
Netherlands Antilles Guilder,ANG,0.766264,0.779637,31-Mar-26,IFS Web @ 2026-04-01,ADB,2026-04-01T10:01:20.486341Z
Argentine Peso,ARS,0.000967,0.001009,31-Mar-26,IFS Web @ 2026-04-01,ADB,2026-04-01T10:01:20.486341Z
Australian Dollar,AUD,0.95261,0.955812,31-Mar-26,IFS Web @ 2026-04-01,ADB,2026-04-01T10:01:20.486341Z
Barbados Dollar,BBD,0.685805,0.697775,31-Mar-26,IFS Web @ 2026-04-01,ADB,2026-04-01T10:01:20.486341Z
Bermuda Dollar,BMD,1.371612,1.395551,31-Mar-26,IFS Web @ 2026-04-01,ADB,2026-04-01T10:01:20.486341Z
Brunei Dollar,BND,1.074932,1.081696,31-Mar-26,IFS Web @ 2026-04-01,ADB,2026-04-01T10:01:20.486341Z
Brazilian Real,BRL,0.260792,0.267247,31-Mar-26,IFS Web @ 2026-04-01,ADB,2026-04-01T10:01:20.486341Z
Bahamian Dollar,BSD,1.371612,1.395551,31-Mar-26,IFS Web @ 2026-04-01,ADB,2026-04-01T10:01:20.486341Z
Belize Dollar,BZD,0.685805,0.697775,31-Mar-26,IFS Web @ 2026-04-01,ADB,2026-04-01T10:01:20.486341Z
Swiss Franc,CHF,1.750115,1.736732,31-Mar-26,IFS Web @ 2026-04-01,ADB,2026-04-01T10:01:20.486341Z
Chilean Peso,CLP,0.001547,0.001495,31-Mar-26,IFS Web @ 2026-04-01,ADB,2026-04-01T10:01:20.486341Z
Chinese Renminbi (Offshore),CNH,0.198138,0.202057,31-Mar-26,IFS Web @ 2026-04-01,ADB,2026-04-01T10:01:20.486341Z
Chinese Yuan Renminbi,CNY,0.198062,0.202014,31-Mar-26,IFS Web @ 2026-04-01,ADB,2026-04-01T10:01:20.486341Z
Columbian Peso,COP,0.000371,0.000381,31-Mar-26,IFS Web @ 2026-04-01,ADB,2026-04-01T10:01:20.486341Z
Cuban Peso,CUP,0.05715,0.058148,31-Mar-26,IFS Web @ 2026-04-01,ADB,2026-04-01T10:01:20.486341Z
Czech Koruna,CZK,0.065977,0.065453,31-Mar-26,IFS Web @ 2026-04-01,ADB,2026-04-01T10:01:20.486341Z
Danish Krone,DKK,0.214819,0.215183,31-Mar-26,IFS Web @ 2026-04-01,ADB,2026-04-01T10:01:20.486341Z
Dominican Republic Peso,DOP,0.022197,0.023294,31-Mar-26,IFS Web @ 2026-04-01,ADB,2026-04-01T10:01:20.486341Z
Egyptian Pound,EGP,0.028077,0.025569,31-Mar-26,IFS Web @ 2026-04-01,ADB,2026-04-01T10:01:20.486341Z
European Monetary Unit,EUR,1.604863,1.607952,31-Mar-26,IFS Web @ 2026-04-01,ADB,2026-04-01T10:01:20.486341Z
Pound Sterling,GBP,1.848121,1.840312,31-Mar-26,IFS Web @ 2026-04-01,ADB,2026-04-01T10:01:20.486341Z
Guyana Dollar,GYD,0.006557,0.006657,31-Mar-26,IFS Web @ 2026-04-01,ADB,2026-04-01T10:01:20.486341Z
Hong Kong Dollar,HKD,0.175553,0.177999,31-Mar-26,IFS Web @ 2026-04-01,ADB,2026-04-01T10:01:20.486341Z
Haitian Gourde,HTG,0.010489,0.010674,31-Mar-26,IFS Web @ 2026-04-01,ADB,2026-04-01T10:01:20.486341Z
Hungarian Forint,HUF,0.004179,0.004164,31-Mar-26,IFS Web @ 2026-04-01,ADB,2026-04-01T10:01:20.486341Z
Indonesian Rupiah,IDR,0.000081,0.000082,31-Mar-26,IFS Web @ 2026-04-01,ADB,2026-04-01T10:01:20.486341Z
Israeli Shekel,ILS,0.439624,0.441979,31-Mar-26,IFS Web @ 2026-04-01,ADB,2026-04-01T10:01:20.486341Z
Indian Rupees,INR,0.014987,0.014713,31-Mar-26,IFS Web @ 2026-04-01,ADB,2026-04-01T10:01:20.486341Z
Jamaican Dollar,JMD,0.008736,0.008861,31-Mar-26,IFS Web @ 2026-04-01,ADB,2026-04-01T10:01:20.486341Z
Jordan Dinar,JOD,1.935247,1.968337,31-Mar-26,IFS Web @ 2026-04-01,ADB,2026-04-01T10:01:20.486341Z
Japanese Yen,JPY,0.008743,0.008772,31-Mar-26,IFS Web @ 2026-04-01,ADB,2026-04-01T10:01:20.486341Z
Kenya Shilling,KES,0.01062,0.010739,31-Mar-26,IFS Web @ 2026-04-01,ADB,2026-04-01T10:01:20.486341Z
Cambodia Riel,KHR,0.000341,0.000348,31-Mar-26,IFS Web @ 2026-04-01,ADB,2026-04-01T10:01:20.486341Z
South Korean Won,KRW,0.000936,0.000911,31-Mar-26,IFS Web @ 2026-04-01,ADB,2026-04-01T10:01:20.486341Z
Kuwait Dinar,KWD,4.464226,4.507591,31-Mar-26,IFS Web @ 2026-04-01,ADB,2026-04-01T10:01:20.486341Z
Cayman Island Dollar,KYD,1.672697,1.70189,31-Mar-26,IFS Web @ 2026-04-01,ADB,2026-04-01T10:01:20.486341Z
Sri Lanka Rupee,LKR,0.004419,0.004425,31-Mar-26,IFS Web @ 2026-04-01,ADB,2026-04-01T10:01:20.486341Z
Myanmar Kyat,MMK,0.000652,0.000663,31-Mar-26,IFS Web @ 2026-04-01,ADB,2026-04-01T10:01:20.486341Z
Macau Pataca,MOP,0.17044,0.172815,31-Mar-26,IFS Web @ 2026-04-01,ADB,2026-04-01T10:01:20.486341Z
Mexican Peso,MXN,0.078087,0.077352,31-Mar-26,IFS Web @ 2026-04-01,ADB,2026-04-01T10:01:20.486341Z
Malaysian Ringgit,MYR,0.345872,0.344665,31-Mar-26,IFS Web @ 2026-04-01,ADB,2026-04-01T10:01:20.486341Z
Norwegian Krone,NOK,0.140931,0.143266,31-Mar-26,IFS Web @ 2026-04-01,ADB,2026-04-01T10:01:20.486341Z
New Zealand Dollar,NZD,0.808398,0.796092,31-Mar-26,IFS Web @ 2026-04-01,ADB,2026-04-01T10:01:20.486341Z
Panamanian Balboa,PAB,1.371612,1.395551,31-Mar-26,IFS Web @ 2026-04-01,ADB,2026-04-01T10:01:20.486341Z
Philippine Peso,PHP,0.023243,0.022972,31-Mar-26,IFS Web @ 2026-04-01,ADB,2026-04-01T10:01:20.486341Z
Polish Zloty,PLN,0.378952,0.374338,31-Mar-26,IFS Web @ 2026-04-01,ADB,2026-04-01T10:01:20.486341Z
Romanian Leu,RON,0.315075,0.315343,31-Mar-26,IFS Web @ 2026-04-01,ADB,2026-04-01T10:01:20.486341Z
Swedish Krona,SEK,0.150049,0.146495,31-Mar-26,IFS Web @ 2026-04-01,ADB,2026-04-01T10:01:20.486341Z
Singapore Dollar,SGD,1.074932,1.081696,31-Mar-26,IFS Web @ 2026-04-01,ADB,2026-04-01T10:01:20.486341Z
Suriname Dollar,SRD,0.036241,0.037314,31-Mar-26,IFS Web @ 2026-04-01,ADB,2026-04-01T10:01:20.486341Z
Thai Baht,THB,0.043383,0.042315,31-Mar-26,IFS Web @ 2026-04-01,ADB,2026-04-01T10:01:20.486341Z
Trinidad and Tobago Dollar,TTD,0.203333,0.206371,31-Mar-26,IFS Web @ 2026-04-01,ADB,2026-04-01T10:01:20.486341Z
New Taiwan Dollar,TWD,0.043361,0.043652,31-Mar-26,IFS Web @ 2026-04-01,ADB,2026-04-01T10:01:20.486341Z
Tanzanian Shilling,TZS,0.000536,0.000538,31-Mar-26,IFS Web @ 2026-04-01,ADB,2026-04-01T10:01:20.486341Z
Uganda Shilling,UGX,0.000378,0.000371,31-Mar-26,IFS Web @ 2026-04-01,ADB,2026-04-01T10:01:20.486341Z
U.S.Dollar,USD,1.371612,1.395551,31-Mar-26,IFS Web @ 2026-04-01,ADB,2026-04-01T10:01:20.486341Z
Uruguayan Peso,UYU,0.035081,0.034335,31-Mar-26,IFS Web @ 2026-04-01,ADB,2026-04-01T10:01:20.486341Z
Vietnamese Dong,VND,0.000052,0.000053,31-Mar-26,IFS Web @ 2026-04-01,ADB,2026-04-01T10:01:20.486341Z
East Caribbean Dollar,XCD,0.508004,0.51687,31-Mar-26,IFS Web @ 2026-04-01,ADB,2026-04-01T10:01:20.486341Z
South African Rand,ZAR,0.083845,0.081528,31-Mar-26,IFS Web @ 2026-04-01,ADB,2026-04-01T10:01:20.486341Z
Zambian Kwacha,ZMW,0.070556,0.072888,31-Mar-26,IFS Web @ 2026-04-01,ADB,2026-04-01T10:01:20.486341Z
Zimbabwe Gold,ZWG,0.053226,0.054034,31-Mar-26,IFS Web @ 2026-04-01,ADB,2026-04-01T10:01:20.486341Z
United Arab Emirates Dirham,AED,0.370579,0.370579,30-Apr-26,IFS Web @ 2026-05-01,ADB,2026-05-01T09:07:54.551482Z
Netherlands Antilles Guilder,ANG,0.760391,0.760391,30-Apr-26,IFS Web @ 2026-05-01,ADB,2026-05-01T09:07:54.551482Z
Argentine Peso,ARS,0.000987,0.000987,30-Apr-26,IFS Web @ 2026-05-01,ADB,2026-05-01T09:07:54.551482Z
Australian Dollar,AUD,0.978563,0.978563,30-Apr-26,IFS Web @ 2026-05-01,ADB,2026-05-01T09:07:54.551482Z
Barbados Dollar,BBD,0.68055,0.68055,30-Apr-26,IFS Web @ 2026-05-01,ADB,2026-05-01T09:07:54.551482Z
Bermuda Dollar,BMD,1.3611,1.3611,30-Apr-26,IFS Web @ 2026-05-01,ADB,2026-05-01T09:07:54.551482Z
Brunei Dollar,BND,1.068745,1.068745,30-Apr-26,IFS Web @ 2026-05-01,ADB,2026-05-01T09:07:54.551482Z
Brazilian Real,BRL,0.273182,0.273182,30-Apr-26,IFS Web @ 2026-05-01,ADB,2026-05-01T09:07:54.551482Z
Bahamian Dollar,BSD,1.3611,1.3611,30-Apr-26,IFS Web @ 2026-05-01,ADB,2026-05-01T09:07:54.551482Z
Belize Dollar,BZD,0.68055,0.68055,30-Apr-26,IFS Web @ 2026-05-01,ADB,2026-05-01T09:07:54.551482Z
Swiss Franc,CHF,1.740426,1.740426,30-Apr-26,IFS Web @ 2026-05-01,ADB,2026-05-01T09:07:54.551482Z
Chilean Peso,CLP,0.001507,0.001507,30-Apr-26,IFS Web @ 2026-05-01,ADB,2026-05-01T09:07:54.551482Z
Chinese Renminbi (Offshore),CNH,0.199214,0.199214,30-Apr-26,IFS Web @ 2026-05-01,ADB,2026-05-01T09:07:54.551482Z
Chinese Yuan Renminbi,CNY,0.199176,0.199176,30-Apr-26,IFS Web @ 2026-05-01,ADB,2026-05-01T09:07:54.551482Z
Columbian Peso,COP,0.000375,0.000375,30-Apr-26,IFS Web @ 2026-05-01,ADB,2026-05-01T09:07:54.551482Z
Cuban Peso,CUP,0.056713,0.056713,30-Apr-26,IFS Web @ 2026-05-01,ADB,2026-05-01T09:07:54.551482Z
Czech Koruna,CZK,0.065519,0.065519,30-Apr-26,IFS Web @ 2026-05-01,ADB,2026-05-01T09:07:54.551482Z
Danish Krone,DKK,0.21367,0.21367,30-Apr-26,IFS Web @ 2026-05-01,ADB,2026-05-01T09:07:54.551482Z
Dominican Republic Peso,DOP,0.022924,0.022924,30-Apr-26,IFS Web @ 2026-05-01,ADB,2026-05-01T09:07:54.551482Z
Egyptian Pound,EGP,0.025384,0.025384,30-Apr-26,IFS Web @ 2026-05-01,ADB,2026-05-01T09:07:54.551482Z
European Monetary Unit,EUR,1.596638,1.596638,30-Apr-26,IFS Web @ 2026-05-01,ADB,2026-05-01T09:07:54.551482Z
Pound Sterling,GBP,1.849533,1.849533,30-Apr-26,IFS Web @ 2026-05-01,ADB,2026-05-01T09:07:54.551482Z
Guyana Dollar,GYD,0.006493,0.006493,30-Apr-26,IFS Web @ 2026-05-01,ADB,2026-05-01T09:07:54.551482Z
Hong Kong Dollar,HKD,0.173748,0.173748,30-Apr-26,IFS Web @ 2026-05-01,ADB,2026-05-01T09:07:54.551482Z
Haitian Gourde,HTG,0.01043,0.01043,30-Apr-26,IFS Web @ 2026-05-01,ADB,2026-05-01T09:07:54.551482Z
Hungarian Forint,HUF,0.00438,0.00438,30-Apr-26,IFS Web @ 2026-05-01,ADB,2026-05-01T09:07:54.551482Z
Indonesian Rupiah,IDR,0.000079,0.000079,30-Apr-26,IFS Web @ 2026-05-01,ADB,2026-05-01T09:07:54.551482Z
Israeli Shekel,ILS,0.461054,0.461054,30-Apr-26,IFS Web @ 2026-05-01,ADB,2026-05-01T09:07:54.551482Z
Indian Rupees,INR,0.01434,0.01434,30-Apr-26,IFS Web @ 2026-05-01,ADB,2026-05-01T09:07:54.551482Z
Jamaican Dollar,JMD,0.008659,0.008659,30-Apr-26,IFS Web @ 2026-05-01,ADB,2026-05-01T09:07:54.551482Z
Jordan Dinar,JOD,1.919747,1.919747,30-Apr-26,IFS Web @ 2026-05-01,ADB,2026-05-01T09:07:54.551482Z
Japanese Yen,JPY,0.008686,0.008686,30-Apr-26,IFS Web @ 2026-05-01,ADB,2026-05-01T09:07:54.551482Z
Kenya Shilling,KES,0.010539,0.010539,30-Apr-26,IFS Web @ 2026-05-01,ADB,2026-05-01T09:07:54.551482Z
Cambodia Riel,KHR,0.000339,0.000339,30-Apr-26,IFS Web @ 2026-05-01,ADB,2026-05-01T09:07:54.551482Z
South Korean Won,KRW,0.000918,0.000918,30-Apr-26,IFS Web @ 2026-05-01,ADB,2026-05-01T09:07:54.551482Z
Kuwait Dinar,KWD,4.426346,4.426346,30-Apr-26,IFS Web @ 2026-05-01,ADB,2026-05-01T09:07:54.551482Z
Cayman Island Dollar,KYD,1.659878,1.659878,30-Apr-26,IFS Web @ 2026-05-01,ADB,2026-05-01T09:07:54.551482Z
Sri Lanka Rupee,LKR,0.004259,0.004259,30-Apr-26,IFS Web @ 2026-05-01,ADB,2026-05-01T09:07:54.551482Z
Myanmar Kyat,MMK,0.000651,0.000651,30-Apr-26,IFS Web @ 2026-05-01,ADB,2026-05-01T09:07:54.551482Z
Macau Pataca,MOP,0.168688,0.168688,30-Apr-26,IFS Web @ 2026-05-01,ADB,2026-05-01T09:07:54.551482Z
Mexican Peso,MXN,0.077724,0.077724,30-Apr-26,IFS Web @ 2026-05-01,ADB,2026-05-01T09:07:54.551482Z
Malaysian Ringgit,MYR,0.342717,0.342717,30-Apr-26,IFS Web @ 2026-05-01,ADB,2026-05-01T09:07:54.551482Z
Norwegian Krone,NOK,0.146314,0.146314,30-Apr-26,IFS Web @ 2026-05-01,ADB,2026-05-01T09:07:54.551482Z
New Zealand Dollar,NZD,0.801348,0.801348,30-Apr-26,IFS Web @ 2026-05-01,ADB,2026-05-01T09:07:54.551482Z
Panamanian Balboa,PAB,1.3611,1.3611,30-Apr-26,IFS Web @ 2026-05-01,ADB,2026-05-01T09:07:54.551482Z
Philippine Peso,PHP,0.022141,0.022141,30-Apr-26,IFS Web @ 2026-05-01,ADB,2026-05-01T09:07:54.551482Z
Polish Zloty,PLN,0.375021,0.375021,30-Apr-26,IFS Web @ 2026-05-01,ADB,2026-05-01T09:07:54.551482Z
Romanian Leu,RON,0.307506,0.307506,30-Apr-26,IFS Web @ 2026-05-01,ADB,2026-05-01T09:07:54.551482Z
Swedish Krona,SEK,0.147116,0.147116,30-Apr-26,IFS Web @ 2026-05-01,ADB,2026-05-01T09:07:54.551482Z
Singapore Dollar,SGD,1.068745,1.068745,30-Apr-26,IFS Web @ 2026-05-01,ADB,2026-05-01T09:07:54.551482Z
Suriname Dollar,SRD,0.036231,0.036231,30-Apr-26,IFS Web @ 2026-05-01,ADB,2026-05-01T09:07:54.551482Z
Thai Baht,THB,0.041755,0.041755,30-Apr-26,IFS Web @ 2026-05-01,ADB,2026-05-01T09:07:54.551482Z
Trinidad and Tobago Dollar,TTD,0.200832,0.200832,30-Apr-26,IFS Web @ 2026-05-01,ADB,2026-05-01T09:07:54.551482Z
New Taiwan Dollar,TWD,0.042958,0.042958,30-Apr-26,IFS Web @ 2026-05-01,ADB,2026-05-01T09:07:54.551482Z
Tanzanian Shilling,TZS,0.000522,0.000522,30-Apr-26,IFS Web @ 2026-05-01,ADB,2026-05-01T09:07:54.551482Z
Uganda Shilling,UGX,0.000361,0.000361,30-Apr-26,IFS Web @ 2026-05-01,ADB,2026-05-01T09:07:54.551482Z
U.S.Dollar,USD,1.3611,1.3611,30-Apr-26,IFS Web @ 2026-05-01,ADB,2026-05-01T09:07:54.551482Z
Uruguayan Peso,UYU,0.03377,0.03377,30-Apr-26,IFS Web @ 2026-05-01,ADB,2026-05-01T09:07:54.551482Z
Vietnamese Dong,VND,0.000052,0.000052,30-Apr-26,IFS Web @ 2026-05-01,ADB,2026-05-01T09:07:54.551482Z
East Caribbean Dollar,XCD,0.504111,0.504111,30-Apr-26,IFS Web @ 2026-05-01,ADB,2026-05-01T09:07:54.551482Z
South African Rand,ZAR,0.081503,0.081503,30-Apr-26,IFS Web @ 2026-05-01,ADB,2026-05-01T09:07:54.551482Z
Zambian Kwacha,ZMW,0.072884,0.072884,30-Apr-26,IFS Web @ 2026-05-01,ADB,2026-05-01T09:07:54.551482Z
Zimbabwe Gold,ZWG,0.052656,0.052656,30-Apr-26,IFS Web @ 2026-05-01,ADB,2026-05-01T09:07:54.551482Z
